-- Generated by Craft v2.6.2957 on Jan 5, 2017, 6:38:14 PM.

--
-- Disable foreign key checks and autocommit.
--

SET FOREIGN_KEY_CHECKS = 0;
SET SQL_MODE = "NO_AUTO_VALUE_ON_ZERO";
SET AUTOCOMMIT = 0;
SET NAMES utf8;


DROP TABLE IF EXISTS `craft_assetfiles`;


--
-- Schema for table `craft_assetfiles`
--
CREATE TABLE `craft_assetfiles` (
  `id` int(11) NOT NULL,
  `sourceId` int(11) DEFAULT NULL,
  `folderId` int(11) NOT NULL,
  `filename` varchar(255) COLLATE utf8_unicode_ci NOT NULL,
  `kind` varchar(50) COLLATE utf8_unicode_ci NOT NULL DEFAULT 'unknown',
  `width` int(11) unsigned DEFAULT NULL,
  `height` int(11) unsigned DEFAULT NULL,
  `size` bigint(20) unsigned DEFAULT NULL,
  `dateModified` datetime DEFAULT NULL,
  `dateCreated` datetime NOT NULL,
  `dateUpdated` datetime NOT NULL,
  `uid` char(36) COLLATE utf8_unicode_ci NOT NULL DEFAULT '0',
  PRIMARY KEY (`id`),
  UNIQUE KEY `craft_assetfiles_filename_folderId_unq_idx` (`filename`,`folderId`),
  KEY `craft_assetfiles_sourceId_fk` (`sourceId`),
  KEY `craft_assetfiles_folderId_fk` (`folderId`)
) ENGINE=InnoDB DEFAULT CHARSET=utf8 COLLATE=utf8_unicode_ci;

--
-- Data for table `craft_assetfiles`
--

INSERT INTO `craft_assetfiles` (`id`, `sourceId`, `folderId`, `filename`, `kind`, `width`, `height`, `size`, `dateModified`, `dateCreated`, `dateUpdated`, `uid`) VALUES
 ('5', '2', '2', 'homesource-logo.jpg', 'image', '250', '71', '27491', '2017-01-02 20:32:18', '2017-01-03 18:25:26', '2017-01-03 22:06:20', '13a5af8c-2a35-4b94-a590-16255cbbc13d'),
 ('7', '2', '2', 'about-background-image-1.jpg', 'image', '1513', '324', '42542', '2017-01-02 21:07:55', '2017-01-03 22:06:18', '2017-01-03 22:06:18', 'e10f7c99-cdad-4f95-ace7-3e1c8ac6b0b4'),
 ('8', '2', '2', 'happylager.svg', 'image', '300', '125', '36660', '2017-01-02 21:07:55', '2017-01-03 22:06:18', '2017-01-03 22:06:18', '5cc6a7aa-6536-429d-9b88-f469d39a92b6'),
 ('9', '2', '2', 'glassfull.png', 'image', '1260', '224', '145067', '2017-01-02 21:07:55', '2017-01-03 22:06:19', '2017-01-03 22:06:19', 'd5cd27a5-ff45-498e-a826-048420d39202'),
 ('10', '2', '2', 'headingbg-blue.svg', 'image', '556', '180', '13352', '2017-01-02 21:07:55', '2017-01-03 22:06:19', '2017-01-03 22:06:19', '61b84cb1-6484-4767-8fb4-1652d8723a79'),
 ('11', '2', '2', 'headingbg-gray.svg', 'image', '556', '180', '13352', '2017-01-02 21:07:55', '2017-01-03 22:06:19', '2017-01-03 22:06:19', 'ccbe1030-5c48-41ee-8261-c8a7bc07ddc3'),
 ('12', '2', '2', 'headingbg-orange.svg', 'image', '556', '180', '13352', '2017-01-02 21:07:55', '2017-01-03 22:06:19', '2017-01-03 22:06:19', '2c2a0969-42c6-4471-8d84-26cdfd60b618'),
 ('13', '2', '2', 'headingbg-yellow.svg', 'image', '556', '180', '13352', '2017-01-02 21:07:55', '2017-01-03 22:06:19', '2017-01-03 22:06:19', '255bdd38-a96f-4b64-af4b-2c8354d004d3'),
 ('14', '2', '2', 'hl.svg', 'image', '76', '76', '5700', '2017-01-02 21:07:55', '2017-01-03 22:06:19', '2017-01-03 22:06:19', '93a41d5b-b662-4fa9-b07d-314c8eac7a3e'),
 ('15', '2', '2', 'how-made-background.jpg', 'image', '1436', '201', '122051', '2017-01-02 21:07:55', '2017-01-03 22:06:20', '2017-01-03 22:06:20', '95426f99-5610-4675-95fb-2eda0d858cc6'),
 ('16', '2', '2', 'icon-arrow-alt.svg', 'image', '252', '250', '927', '2017-01-02 21:07:55', '2017-01-03 22:06:20', '2017-01-03 22:06:20', 'aa3153c6-7308-4360-abd2-ba5dbbc88d05'),
 ('17', '2', '2', 'icon-arrow-white.svg', 'image', '27', '27', '904', '2017-01-02 21:07:55', '2017-01-03 22:06:20', '2017-01-03 22:06:20', '6b75f29f-f6a4-4a17-9b1f-3ad1c73fc5ec'),
 ('18', '2', '2', 'icon-arrow.svg', 'image', '26', '25', '922', '2017-01-02 21:07:55', '2017-01-03 22:06:20', '2017-01-03 22:06:20', 'b71d9499-8a72-43b4-b1e4-0e0d0b58cccc'),
 ('19', '2', '2', 'icon-beaker.png', 'image', '52', '56', '139082', '2017-01-02 21:07:55', '2017-01-03 22:06:20', '2017-01-03 22:06:20', 'f7184216-7098-4b16-a019-5112f7554634'),
 ('20', '2', '2', 'icon-beer.png', 'image', '46', '62', '139652', '2017-01-02 21:07:55', '2017-01-03 22:06:21', '2017-01-03 22:06:21', '96f63e29-ee93-4c52-abcc-e48af762be63'),
 ('21', '2', '2', 'icon-beercan.png', 'image', '32', '60', '138896', '2017-01-02 21:07:55', '2017-01-03 22:06:21', '2017-01-03 22:06:21', 'e8b437f1-9dea-45e0-b25e-0d5412b0d7f3'),
 ('22', '2', '2', 'icon-news.png', 'image', '58', '58', '138878', '2017-01-02 21:07:55', '2017-01-03 22:06:21', '2017-01-03 22:06:21', '6211c4ce-1b2a-49c9-9854-43ed42541e98'),
 ('23', '2', '2', 'icon-news.svg', 'image', '26', '26', '2252', '2017-01-02 21:07:55', '2017-01-03 22:06:21', '2017-01-03 22:06:21', '963b86ec-f05a-44c8-bd7d-9bd041a9f86d'),
 ('24', '2', '2', 'icon-quote.svg', 'image', '25', '23', '1190', '2017-01-02 21:07:55', '2017-01-03 22:06:21', '2017-01-03 22:06:21', 'b191b312-3771-4614-aae7-cc64b03e5280'),
 ('25', '2', '2', 'icon-wrenches.svg', 'image', '25', '25', '1392', '2017-01-02 21:07:55', '2017-01-03 22:06:21', '2017-01-03 22:06:21', '0d027487-208e-4813-9383-218fec4652e3'),
 ('26', '2', '2', 'larry-page.png', 'image', '84', '84', '151220', '2017-01-02 21:07:55', '2017-01-03 22:06:21', '2017-01-03 22:06:21', 'e36c5f7f-0715-4cbc-a7d0-a102df7d461a'),
 ('27', '2', '2', 'nav-sel.svg', 'image', '16', '8', '564', '2017-01-02 21:07:55', '2017-01-03 22:06:22', '2017-01-03 22:06:22', '05065403-2c9f-42e9-80dd-d28914aaf026'),
 ('28', '2', '2', 'quote-bubble.png', 'image', '289', '412', '139566', '2017-01-02 21:07:55', '2017-01-03 22:06:22', '2017-01-03 22:06:22', 'fb64a173-4a38-4ebd-8427-1152854acfc9'),
 ('29', '2', '3', 'app-development.svg', 'image', '40', '40', '1842', '2017-01-02 21:07:55', '2017-01-03 22:06:22', '2017-01-03 22:06:22', 'aa58f5bf-7e81-4161-a9a2-c10d878b4448'),
 ('30', '2', '3', 'design.svg', 'image', '40', '40', '2642', '2017-01-02 21:07:55', '2017-01-03 22:06:22', '2017-01-03 22:06:22', '5b988430-d049-4253-b050-dad4c55bc7a6'),
 ('31', '2', '3', 'development.svg', 'image', '40', '40', '2167', '2017-01-02 21:07:55', '2017-01-03 22:06:22', '2017-01-03 22:06:22', '35ebc2c8-c454-46da-ac06-308d07265ff8'),
 ('32', '2', '3', 'email-marketing.svg', 'image', '40', '40', '2055', '2017-01-02 21:07:55', '2017-01-03 22:06:22', '2017-01-03 22:06:22', 'c8657904-fb42-4bbc-9a1a-e1f403629cea'),
 ('33', '2', '3', 'seo.svg', 'image', '40', '40', '1632', '2017-01-02 21:07:55', '2017-01-03 22:06:23', '2017-01-03 22:06:23', '5c4f040d-eac7-4313-8471-b9238ef924d9'),
 ('34', '2', '3', 'strategy.svg', 'image', '40', '40', '2118', '2017-01-02 21:07:55', '2017-01-03 22:06:23', '2017-01-03 22:06:23', '2c116fac-6fa0-4db7-8270-4232e9346226'),
 ('35', '2', '2', 'skis.jpg', 'image', '800', '800', '379214', '2017-01-02 21:07:55', '2017-01-03 22:06:23', '2017-01-03 22:06:23', 'ebed7c63-ddf2-47fb-8feb-fa39173ade69'),
 ('36', '2', '2', 'social-sprite.png', 'image', '79', '16', '432932', '2017-01-02 21:07:55', '2017-01-03 22:06:23', '2017-01-03 22:06:23', '496972d3-d995-48be-9248-7b769374f9a2'),
 ('37', '2', '2', 'testimonials-background.jpg', 'image', '1421', '833', '196173', '2017-01-02 21:07:55', '2017-01-03 22:06:23', '2017-01-03 22:06:23', '6f697d6b-b26f-4a1d-90ed-6e757f732229'),
 ('38', '2', '2', 'wired.svg', 'image', '401', '82', '2882', '2017-01-02 21:07:55', '2017-01-03 22:06:23', '2017-01-03 22:06:23', '59da9b54-357c-4c4a-9331-cb656e0ea27b');



DROP TABLE IF EXISTS `craft_assetfolders`;


--
-- Schema for table `craft_assetfolders`
--
CREATE TABLE `craft_assetfolders` (
  `id` int(11) NOT NULL AUTO_INCREMENT,
  `parentId` int(11) DEFAULT NULL,
  `sourceId` int(11) DEFAULT NULL,
  `name` varchar(255) COLLATE utf8_unicode_ci NOT NULL,
  `path` varchar(255) COLLATE utf8_unicode_ci DEFAULT NULL,
  `dateCreated` datetime NOT NULL,
  `dateUpdated` datetime NOT NULL,
  `uid` char(36) COLLATE utf8_unicode_ci NOT NULL DEFAULT '0',
  PRIMARY KEY (`id`),
  UNIQUE KEY `craft_assetfolders_name_parentId_sourceId_unq_idx` (`name`,`parentId`,`sourceId`),
  KEY `craft_assetfolders_parentId_fk` (`parentId`),
  KEY `craft_assetfolders_sourceId_fk` (`sourceId`)
) ENGINE=InnoDB AUTO_INCREMENT=4 DEFAULT CHARSET=utf8 COLLATE=utf8_unicode_ci;

--
-- Data for table `craft_assetfolders`
--

INSERT INTO `craft_assetfolders` (`id`, `parentId`, `sourceId`, `name`, `path`, `dateCreated`, `dateUpdated`, `uid`) VALUES
 ('2', NULL, '2', 'Site Assets', '', '2017-01-02 22:03:00', '2017-01-02 22:03:00', '9532cd68-d37a-45bb-a4b9-0a98a9c8e0cf'),
 ('3', '2', '2', 'service-icons', 'service-icons/', '2017-01-03 22:06:18', '2017-01-03 22:06:18', '38bfe3dc-900a-4087-bbfc-89d6978e1958');



DROP TABLE IF EXISTS `craft_assetindexdata`;


--
-- Schema for table `craft_assetindexdata`
--
CREATE TABLE `craft_assetindexdata` (
  `id` int(11) NOT NULL AUTO_INCREMENT,
  `sessionId` varchar(36) COLLATE utf8_unicode_ci NOT NULL DEFAULT '',
  `sourceId` int(10) NOT NULL,
  `offset` int(10) NOT NULL,
  `uri` varchar(255) COLLATE utf8_unicode_ci DEFAULT NULL,
  `size` varchar(255) COLLATE utf8_unicode_ci DEFAULT NULL,
  `recordId` int(10) DEFAULT NULL,
  `dateCreated` datetime NOT NULL,
  `dateUpdated` datetime NOT NULL,
  `uid` char(36) COLLATE utf8_unicode_ci NOT NULL DEFAULT '0',
  PRIMARY KEY (`id`),
  UNIQUE KEY `craft_assetindexdata_sessionId_sourceId_offset_unq_idx` (`sessionId`,`sourceId`,`offset`),
  KEY `craft_assetindexdata_sourceId_fk` (`sourceId`)
) ENGINE=InnoDB AUTO_INCREMENT=35 DEFAULT CHARSET=utf8 COLLATE=utf8_unicode_ci;

DROP TABLE IF EXISTS `craft_assetsources`;


--
-- Schema for table `craft_assetsources`
--
CREATE TABLE `craft_assetsources` (
  `id` int(11) NOT NULL AUTO_INCREMENT,
  `name` varchar(255) COLLATE utf8_unicode_ci NOT NULL,
  `handle` varchar(255) COLLATE utf8_unicode_ci NOT NULL,
  `type` varchar(150) COLLATE utf8_unicode_ci NOT NULL,
  `settings` text COLLATE utf8_unicode_ci,
  `sortOrder` smallint(6) unsigned DEFAULT NULL,
  `fieldLayoutId` int(10) DEFAULT NULL,
  `dateCreated` datetime NOT NULL,
  `dateUpdated` datetime NOT NULL,
  `uid` char(36) COLLATE utf8_unicode_ci NOT NULL DEFAULT '0',
  PRIMARY KEY (`id`),
  UNIQUE KEY `craft_assetsources_name_unq_idx` (`name`),
  UNIQUE KEY `craft_assetsources_handle_unq_idx` (`handle`),
  KEY `craft_assetsources_fieldLayoutId_fk` (`fieldLayoutId`)
) ENGINE=InnoDB AUTO_INCREMENT=3 DEFAULT CHARSET=utf8 COLLATE=utf8_unicode_ci;

--
-- Data for table `craft_assetsources`
--

INSERT INTO `craft_assetsources` (`id`, `name`, `handle`, `type`, `settings`, `sortOrder`, `fieldLayoutId`, `dateCreated`, `dateUpdated`, `uid`) VALUES
 ('2', 'Site Assets', 'siteAssets', 'Local', '{\"path\":\"{baseAssetPath}\\/assets\\/images\\/\",\"publicURLs\":\"1\",\"url\":\"{baseAssetURL}\\/assets\\/images\\/\"}', '1', '23', '2017-01-02 22:03:00', '2017-01-03 18:32:15', '2b0bc302-3ed9-4985-9f58-49feffbd5349');



DROP TABLE IF EXISTS `craft_assettransformindex`;


--
-- Schema for table `craft_assettransformindex`
--
CREATE TABLE `craft_assettransformindex` (
  `id` int(11) NOT NULL AUTO_INCREMENT,
  `fileId` int(11) NOT NULL,
  `filename` varchar(255) COLLATE utf8_unicode_ci DEFAULT NULL,
  `format` varchar(255) COLLATE utf8_unicode_ci DEFAULT NULL,
  `location` varchar(255) COLLATE utf8_unicode_ci NOT NULL,
  `sourceId` int(11) DEFAULT NULL,
  `fileExists` tinyint(1) DEFAULT NULL,
  `inProgress` tinyint(1) DEFAULT NULL,
  `dateIndexed` datetime DEFAULT NULL,
  `dateCreated` datetime NOT NULL,
  `dateUpdated` datetime NOT NULL,
  `uid` char(36) COLLATE utf8_unicode_ci NOT NULL DEFAULT '0',
  PRIMARY KEY (`id`),
  KEY `craft_assettransformindex_sourceId_fileId_location_idx` (`sourceId`,`fileId`,`location`)
) ENGINE=InnoDB DEFAULT CHARSET=utf8 COLLATE=utf8_unicode_ci;

DROP TABLE IF EXISTS `craft_assettransforms`;


--
-- Schema for table `craft_assettransforms`
--
CREATE TABLE `craft_assettransforms` (
  `id` int(11) NOT NULL AUTO_INCREMENT,
  `name` varchar(255) COLLATE utf8_unicode_ci NOT NULL,
  `handle` varchar(255) COLLATE utf8_unicode_ci NOT NULL,
  `mode` enum('stretch','fit','crop') COLLATE utf8_unicode_ci NOT NULL DEFAULT 'crop',
  `position` enum('top-left','top-center','top-right','center-left','center-center','center-right','bottom-left','bottom-center','bottom-right') COLLATE utf8_unicode_ci NOT NULL DEFAULT 'center-center',
  `height` int(10) DEFAULT NULL,
  `width` int(10) DEFAULT NULL,
  `format` varchar(255) COLLATE utf8_unicode_ci DEFAULT NULL,
  `quality` int(10) DEFAULT NULL,
  `dimensionChangeTime` datetime DEFAULT NULL,
  `dateCreated` datetime NOT NULL,
  `dateUpdated` datetime NOT NULL,
  `uid` char(36) COLLATE utf8_unicode_ci NOT NULL DEFAULT '0',
  PRIMARY KEY (`id`),
  UNIQUE KEY `craft_assettransforms_name_unq_idx` (`name`),
  UNIQUE KEY `craft_assettransforms_handle_unq_idx` (`handle`)
) ENGINE=InnoDB AUTO_INCREMENT=4 DEFAULT CHARSET=utf8 COLLATE=utf8_unicode_ci;

--
-- Data for table `craft_assettransforms`
--

INSERT INTO `craft_assettransforms` (`id`, `name`, `handle`, `mode`, `position`, `height`, `width`, `format`, `quality`, `dimensionChangeTime`, `dateCreated`, `dateUpdated`, `uid`) VALUES
 ('1', 'Medium', 'medium', 'crop', 'center-center', '424', '700', NULL, NULL, '2017-01-02 22:44:05', '2017-01-02 22:44:05', '2017-01-02 22:44:05', '66f1c020-b357-45ce-9ed3-cda2df678b4b'),
 ('2', 'Thumbnail', 'thumbnail', 'crop', 'center-center', '204', '280', NULL, NULL, '2017-01-02 22:44:34', '2017-01-02 22:44:35', '2017-01-02 22:44:35', 'b02f8300-ce91-4f2b-83e3-e8f4b661859c'),
 ('3', 'Small', 'small', 'crop', 'center-center', '339', '400', NULL, NULL, '2017-01-02 22:44:58', '2017-01-02 22:44:58', '2017-01-02 22:44:58', '5ac3bfb5-b427-4fe6-a3a6-b7b7ad085d9f');



DROP TABLE IF EXISTS `craft_categories`;


--
-- Schema for table `craft_categories`
--
CREATE TABLE `craft_categories` (
  `id` int(11) NOT NULL,
  `groupId` int(11) NOT NULL,
  `dateCreated` datetime NOT NULL,
  `dateUpdated` datetime NOT NULL,
  `uid` char(36) COLLATE utf8_unicode_ci NOT NULL DEFAULT '0',
  PRIMARY KEY (`id`),
  KEY `craft_categories_groupId_fk` (`groupId`)
) ENGINE=InnoDB DEFAULT CHARSET=utf8 COLLATE=utf8_unicode_ci;

DROP TABLE IF EXISTS `craft_categorygroups`;


--
-- Schema for table `craft_categorygroups`
--
CREATE TABLE `craft_categorygroups` (
  `id` int(11) NOT NULL AUTO_INCREMENT,
  `structureId` int(11) NOT NULL,
  `fieldLayoutId` int(11) DEFAULT NULL,
  `name` varchar(255) COLLATE utf8_unicode_ci NOT NULL,
  `handle` varchar(255) COLLATE utf8_unicode_ci NOT NULL,
  `hasUrls` tinyint(1) unsigned NOT NULL DEFAULT '1',
  `template` varchar(500) COLLATE utf8_unicode_ci DEFAULT NULL,
  `dateCreated` datetime NOT NULL,
  `dateUpdated` datetime NOT NULL,
  `uid` char(36) COLLATE utf8_unicode_ci NOT NULL DEFAULT '0',
  PRIMARY KEY (`id`),
  UNIQUE KEY `craft_categorygroups_name_unq_idx` (`name`),
  UNIQUE KEY `craft_categorygroups_handle_unq_idx` (`handle`),
  KEY `craft_categorygroups_structureId_fk` (`structureId`),
  KEY `craft_categorygroups_fieldLayoutId_fk` (`fieldLayoutId`)
) ENGINE=InnoDB DEFAULT CHARSET=utf8 COLLATE=utf8_unicode_ci;

DROP TABLE IF EXISTS `craft_categorygroups_i18n`;


--
-- Schema for table `craft_categorygroups_i18n`
--
CREATE TABLE `craft_categorygroups_i18n` (
  `id` int(11) NOT NULL AUTO_INCREMENT,
  `groupId` int(11) NOT NULL,
  `locale` char(12) COLLATE utf8_unicode_ci NOT NULL,
  `urlFormat` text COLLATE utf8_unicode_ci,
  `nestedUrlFormat` text COLLATE utf8_unicode_ci,
  `dateCreated` datetime NOT NULL,
  `dateUpdated` datetime NOT NULL,
  `uid` char(36) COLLATE utf8_unicode_ci NOT NULL DEFAULT '0',
  PRIMARY KEY (`id`),
  UNIQUE KEY `craft_categorygroups_i18n_groupId_locale_unq_idx` (`groupId`,`locale`),
  KEY `craft_categorygroups_i18n_locale_fk` (`locale`)
) ENGINE=InnoDB DEFAULT CHARSET=utf8 COLLATE=utf8_unicode_ci;

DROP TABLE IF EXISTS `craft_content`;


--
-- Schema for table `craft_content`
--
CREATE TABLE `craft_content` (
  `id` int(11) NOT NULL AUTO_INCREMENT,
  `elementId` int(11) NOT NULL,
  `locale` char(12) COLLATE utf8_unicode_ci NOT NULL,
  `title` varchar(255) COLLATE utf8_unicode_ci DEFAULT NULL,
  `field_body` text COLLATE utf8_unicode_ci,
  `dateCreated` datetime NOT NULL,
  `dateUpdated` datetime NOT NULL,
  `uid` char(36) COLLATE utf8_unicode_ci NOT NULL DEFAULT '0',
  PRIMARY KEY (`id`),
  UNIQUE KEY `craft_content_elementId_locale_unq_idx` (`elementId`,`locale`),
  KEY `craft_content_title_idx` (`title`),
  KEY `craft_content_locale_fk` (`locale`)
) ENGINE=InnoDB AUTO_INCREMENT=39 DEFAULT CHARSET=utf8 COLLATE=utf8_unicode_ci;

--
-- Data for table `craft_content`
--

INSERT INTO `craft_content` (`id`, `elementId`, `locale`, `title`, `field_body`, `dateCreated`, `dateUpdated`, `uid`) VALUES
 ('1', '1', 'en_us', NULL, NULL, '2017-01-02 19:15:15', '2017-01-02 19:15:15', '184bbae6-0ea7-45b1-8794-5cf8db5a9314'),
 ('2', '2', 'en_us', 'Homepage Edited!', '<p>It’s true, this site doesn’t have a whole lot of content yet, but don’t worry. Our web developers have just installed the CMS, and they’re setting things up for the content editors this very moment. Soon Localhost will be an oasis of fresh perspectives, sharp analyses, and astute opinions that will keep you coming back again and again.</p>', '2017-01-02 19:15:18', '2017-01-02 19:41:45', '41a27f2b-a4c6-4cdb-8c14-989b93509927'),
 ('3', '3', 'en_us', 'We just installed Craft!', '<p>Craft is the CMS that’s powering Localhost. It’s beautiful, powerful, flexible, and easy-to-use, and it’s made by Pixel &amp; Tonic. We can’t wait to dive in and see what it’s capable of!</p><!--pagebreak--><p>This is even more captivating content, which you couldn’t see on the News index page because it was entered after a Page Break, and the News index template only likes to show the content on the first page.</p><p>Craft: a nice alternative to Word, if you’re making a website.</p>', '2017-01-02 19:15:18', '2017-01-02 19:15:18', '1142ee04-0c6f-461c-8cde-b8f0e3b20b29'),
 ('4', '4', 'en_us', 'Second News title', '<p>Here is a second news article...</p>', '2017-01-02 20:10:53', '2017-01-02 20:10:53', '03f6608e-e964-4a6c-bfbf-b36548eaaf49'),
 ('5', '5', 'en_us', 'Homesource Logo', NULL, '2017-01-03 18:25:26', '2017-01-03 22:06:20', 'e4a79b6e-7888-4ae8-9507-73c7148bf330'),
 ('7', '7', 'en_us', 'About Background Image 1', NULL, '2017-01-03 22:06:18', '2017-01-03 22:06:18', '615c7eef-c821-41aa-81fc-37a9c126c079'),
 ('8', '8', 'en_us', 'Happylager', NULL, '2017-01-03 22:06:18', '2017-01-03 22:06:18', '47af6c90-68df-4a68-b1aa-2021369a814d'),
 ('9', '9', 'en_us', 'Glassfull', NULL, '2017-01-03 22:06:19', '2017-01-03 22:06:19', '1910eb3f-7f37-44f0-a4ec-93e7916fd8c8'),
 ('10', '10', 'en_us', 'Headingbg Blue', NULL, '2017-01-03 22:06:19', '2017-01-03 22:06:19', '6ffcb207-87fc-4edd-b340-5b840390fa94'),
 ('11', '11', 'en_us', 'Headingbg Gray', NULL, '2017-01-03 22:06:19', '2017-01-03 22:06:19', 'c88292f2-e83f-42ea-9193-097abdb6e2d0'),
 ('12', '12', 'en_us', 'Headingbg Orange', NULL, '2017-01-03 22:06:19', '2017-01-03 22:06:19', '42f34864-ce30-4a8f-931b-8bced008fe77'),
 ('13', '13', 'en_us', 'Headingbg Yellow', NULL, '2017-01-03 22:06:19', '2017-01-03 22:06:19', 'fdc9c122-64db-4e4e-91b3-76355901c76b'),
 ('14', '14', 'en_us', 'Hl', NULL, '2017-01-03 22:06:19', '2017-01-03 22:06:19', '6b582215-f830-4b83-972a-82614c83f5cd'),
 ('15', '15', 'en_us', 'How Made Background', NULL, '2017-01-03 22:06:20', '2017-01-03 22:06:20', '2554c801-1e2f-4561-9efb-e7d400025ced'),
 ('16', '16', 'en_us', 'Icon Arrow Alt', NULL, '2017-01-03 22:06:20', '2017-01-03 22:06:20', 'a36d1d4c-b276-42c1-91e1-91afb13334e4'),
 ('17', '17', 'en_us', 'Icon Arrow White', NULL, '2017-01-03 22:06:20', '2017-01-03 22:06:20', '20ed70b3-f698-45c6-b957-6bb603672f9e'),
 ('18', '18', 'en_us', 'Icon Arrow', NULL, '2017-01-03 22:06:20', '2017-01-03 22:06:20', 'df39a773-2b81-45d6-8a8b-3fe832b790a9'),
 ('19', '19', 'en_us', 'Icon Beaker', NULL, '2017-01-03 22:06:20', '2017-01-03 22:06:20', 'da8bc142-be92-4387-9494-cc4e0b9506a0'),
 ('20', '20', 'en_us', 'Icon Beer', NULL, '2017-01-03 22:06:21', '2017-01-03 22:06:21', 'cdf76cb9-c5d3-4fd6-a7cb-b0492e9b614d'),
 ('21', '21', 'en_us', 'Icon Beercan', NULL, '2017-01-03 22:06:21', '2017-01-03 22:06:21', '36bf2dab-4f37-4065-82f0-3230cf6027ae'),
 ('22', '22', 'en_us', 'Icon News', NULL, '2017-01-03 22:06:21', '2017-01-03 22:06:21', 'f92e1696-c378-43aa-a11d-321ba65fd683'),
 ('23', '23', 'en_us', 'Icon News', NULL, '2017-01-03 22:06:21', '2017-01-03 22:06:21', '3b861fcd-08f7-4c6f-aed0-de580a06abeb'),
 ('24', '24', 'en_us', 'Icon Quote', NULL, '2017-01-03 22:06:21', '2017-01-03 22:06:21', '6adadc94-7c64-4cf6-95e0-cdb9ef0c05a5'),
 ('25', '25', 'en_us', 'Icon Wrenches', NULL, '2017-01-03 22:06:21', '2017-01-03 22:06:21', '6c9c9781-e038-46b5-b9d2-a33b15bd9ac6'),
 ('26', '26', 'en_us', 'Larry Page', NULL, '2017-01-03 22:06:21', '2017-01-03 22:06:21', 'e12b54ea-43c0-48c8-bcdf-78ae6d4e99f0'),
 ('27', '27', 'en_us', 'Nav Sel', NULL, '2017-01-03 22:06:22', '2017-01-03 22:06:22', 'bd6b5141-26b2-402c-9cc7-b1340a813803'),
 ('28', '28', 'en_us', 'Quote Bubble', NULL, '2017-01-03 22:06:22', '2017-01-03 22:06:22', '0be1586a-dcd6-4653-a2ad-9053d3e3a5e2'),
 ('29', '29', 'en_us', 'App Development', NULL, '2017-01-03 22:06:22', '2017-01-03 22:06:22', '5ef20d80-fbb8-45e8-8ea4-7e5d3275bb35'),
 ('30', '30', 'en_us', 'Design', NULL, '2017-01-03 22:06:22', '2017-01-03 22:06:22', '8e0ad502-1134-471d-8d14-d8a26f8531c1'),
 ('31', '31', 'en_us', 'Development', NULL, '2017-01-03 22:06:22', '2017-01-03 22:06:22', '542cedab-c53f-42ed-b8da-4af0edca0190'),
 ('32', '32', 'en_us', 'Email Marketing', NULL, '2017-01-03 22:06:22', '2017-01-03 22:06:22', '1a646a3f-fcfb-4274-863f-d7686ca6c13d'),
 ('33', '33', 'en_us', 'Seo', NULL, '2017-01-03 22:06:23', '2017-01-03 22:06:23', '5e7ca52e-72a5-4a9c-b103-9e94f81a5781'),
 ('34', '34', 'en_us', 'Strategy', NULL, '2017-01-03 22:06:23', '2017-01-03 22:06:23', 'b07a92b7-f098-4089-a350-358d44f0a66f'),
 ('35', '35', 'en_us', 'Skis', NULL, '2017-01-03 22:06:23', '2017-01-03 22:06:23', '6c32898c-5fd6-47dc-a1bc-ad4b635f9635'),
 ('36', '36', 'en_us', 'Social Sprite', NULL, '2017-01-03 22:06:23', '2017-01-03 22:06:23', 'fcd510d6-b4de-4550-8c67-5b3f5595ce12'),
 ('37', '37', 'en_us', 'Testimonials Background', NULL, '2017-01-03 22:06:23', '2017-01-03 22:06:23', '9564f3dc-3839-4366-8d98-81af5aab9a1e'),
 ('38', '38', 'en_us', 'Wired', NULL, '2017-01-03 22:06:23', '2017-01-03 22:06:23', 'e4e30c7d-fedc-449c-9f32-502311936fa0');



DROP TABLE IF EXISTS `craft_deprecationerrors`;


--
-- Schema for table `craft_deprecationerrors`
--
CREATE TABLE `craft_deprecationerrors` (
  `id` int(11) NOT NULL AUTO_INCREMENT,
  `key` varchar(255) COLLATE utf8_unicode_ci NOT NULL,
  `fingerprint` varchar(255) COLLATE utf8_unicode_ci NOT NULL,
  `lastOccurrence` datetime NOT NULL,
  `file` varchar(255) COLLATE utf8_unicode_ci NOT NULL,
  `line` smallint(6) unsigned NOT NULL,
  `class` varchar(255) COLLATE utf8_unicode_ci DEFAULT NULL,
  `method` varchar(255) COLLATE utf8_unicode_ci DEFAULT NULL,
  `template` varchar(255) COLLATE utf8_unicode_ci DEFAULT NULL,
  `templateLine` smallint(6) unsigned DEFAULT NULL,
  `message` varchar(255) COLLATE utf8_unicode_ci DEFAULT NULL,
  `traces` text COLLATE utf8_unicode_ci,
  `dateCreated` datetime NOT NULL,
  `dateUpdated` datetime NOT NULL,
  `uid` char(36) COLLATE utf8_unicode_ci NOT NULL DEFAULT '0',
  PRIMARY KEY (`id`),
  UNIQUE KEY `craft_deprecationerrors_key_fingerprint_unq_idx` (`key`,`fingerprint`)
) ENGINE=InnoDB DEFAULT CHARSET=utf8 COLLATE=utf8_unicode_ci;

DROP TABLE IF EXISTS `craft_elementindexsettings`;


--
-- Schema for table `craft_elementindexsettings`
--
CREATE TABLE `craft_elementindexsettings` (
  `id` int(11) NOT NULL AUTO_INCREMENT,
  `type` varchar(150) COLLATE utf8_unicode_ci NOT NULL,
  `settings` text COLLATE utf8_unicode_ci,
  `dateCreated` datetime NOT NULL,
  `dateUpdated` datetime NOT NULL,
  `uid` char(36) COLLATE utf8_unicode_ci NOT NULL DEFAULT '0',
  PRIMARY KEY (`id`),
  UNIQUE KEY `craft_elementindexsettings_type_unq_idx` (`type`)
) ENGINE=InnoDB DEFAULT CHARSET=utf8 COLLATE=utf8_unicode_ci;

DROP TABLE IF EXISTS `craft_elements`;


--
-- Schema for table `craft_elements`
--
CREATE TABLE `craft_elements` (
  `id` int(11) NOT NULL AUTO_INCREMENT,
  `type` varchar(150) COLLATE utf8_unicode_ci NOT NULL,
  `enabled` tinyint(1) unsigned NOT NULL DEFAULT '1',
  `archived` tinyint(1) unsigned NOT NULL DEFAULT '0',
  `dateCreated` datetime NOT NULL,
  `dateUpdated` datetime NOT NULL,
  `uid` char(36) COLLATE utf8_unicode_ci NOT NULL DEFAULT '0',
  PRIMARY KEY (`id`),
  KEY `craft_elements_type_idx` (`type`),
  KEY `craft_elements_enabled_idx` (`enabled`),
  KEY `craft_elements_archived_dateCreated_idx` (`archived`,`dateCreated`)
) ENGINE=InnoDB AUTO_INCREMENT=39 DEFAULT CHARSET=utf8 COLLATE=utf8_unicode_ci;

--
-- Data for table `craft_elements`
--

INSERT INTO `craft_elements` (`id`, `type`, `enabled`, `archived`, `dateCreated`, `dateUpdated`, `uid`) VALUES
 ('1', 'User', '1', '0', '2017-01-02 19:15:15', '2017-01-02 19:15:15', 'eb476e0e-f919-4335-ab49-9cc0a9b4e280'),
 ('2', 'Entry', '1', '0', '2017-01-02 19:15:18', '2017-01-02 19:41:45', 'a5b6924c-a2d5-4a31-8709-a47881562948'),
 ('3', 'Entry', '1', '0', '2017-01-02 19:15:18', '2017-01-02 19:15:18', '8f9c659f-e108-446d-b33d-6480f21fd0aa'),
 ('4', 'Entry', '1', '0', '2017-01-02 20:10:53', '2017-01-02 20:10:53', '28c61a58-81d6-495e-8f0f-4abf50eb3c20'),
 ('5', 'Asset', '1', '0', '2017-01-03 18:25:26', '2017-01-03 22:06:20', '2702202d-c312-407b-b6fa-c1e320994b08'),
 ('7', 'Asset', '1', '0', '2017-01-03 22:06:18', '2017-01-03 22:06:18', 'a09e6444-35ef-4887-92ef-d612f5407e4d'),
 ('8', 'Asset', '1', '0', '2017-01-03 22:06:18', '2017-01-03 22:06:18', '58381ea4-af49-4740-9375-b0f9e465b94a'),
 ('9', 'Asset', '1', '0', '2017-01-03 22:06:19', '2017-01-03 22:06:19', '9326a04c-5053-467b-a666-41228ee72063'),
 ('10', 'Asset', '1', '0', '2017-01-03 22:06:19', '2017-01-03 22:06:19', '09b507c8-bfb8-499b-8126-cc534087070e'),
 ('11', 'Asset', '1', '0', '2017-01-03 22:06:19', '2017-01-03 22:06:19', '36d4523c-0807-45e0-8859-c71394d5691a'),
 ('12', 'Asset', '1', '0', '2017-01-03 22:06:19', '2017-01-03 22:06:19', '75a46d24-b50b-4beb-8039-22e159427b68'),
 ('13', 'Asset', '1', '0', '2017-01-03 22:06:19', '2017-01-03 22:06:19', '4be95dcd-10c7-40d5-b9a5-1386e1e330fc'),
 ('14', 'Asset', '1', '0', '2017-01-03 22:06:19', '2017-01-03 22:06:19', 'f8c581d7-88bd-494c-bfe5-2c71dee7be32'),
 ('15', 'Asset', '1', '0', '2017-01-03 22:06:20', '2017-01-03 22:06:20', 'c64e1e24-f815-48d5-8b8d-1767e5686c0d'),
 ('16', 'Asset', '1', '0', '2017-01-03 22:06:20', '2017-01-03 22:06:20', 'e9572b71-0261-473e-9ee9-c4ab6ef11373'),
 ('17', 'Asset', '1', '0', '2017-01-03 22:06:20', '2017-01-03 22:06:20', 'b044eb99-bb86-4b1b-b352-5aad2d562c2c'),
 ('18', 'Asset', '1', '0', '2017-01-03 22:06:20', '2017-01-03 22:06:20', 'dc44f3f5-1dd3-4819-a2f9-d3ba33041223'),
 ('19', 'Asset', '1', '0', '2017-01-03 22:06:20', '2017-01-03 22:06:20', '1a29ea0a-5603-44eb-adcd-c61f4d4099a4'),
 ('20', 'Asset', '1', '0', '2017-01-03 22:06:20', '2017-01-03 22:06:21', 'c7ce6a6a-c0d7-4bf2-bd83-b801c70c54ad'),
 ('21', 'Asset', '1', '0', '2017-01-03 22:06:21', '2017-01-03 22:06:21', '49371f3a-9ea8-4ecc-8f64-f84e7261d628'),
 ('22', 'Asset', '1', '0', '2017-01-03 22:06:21', '2017-01-03 22:06:21', '32c6a2f9-726b-44fa-803d-704dff591bfe'),
 ('23', 'Asset', '1', '0', '2017-01-03 22:06:21', '2017-01-03 22:06:21', '2d4b8e7c-4c4b-431e-bef0-30d020609428'),
 ('24', 'Asset', '1', '0', '2017-01-03 22:06:21', '2017-01-03 22:06:21', 'a45cc0a0-2076-4542-b887-2f49832d57db'),
 ('25', 'Asset', '1', '0', '2017-01-03 22:06:21', '2017-01-03 22:06:21', '43a80260-4253-48e1-8779-2a53c2719eb4'),
 ('26', 'Asset', '1', '0', '2017-01-03 22:06:21', '2017-01-03 22:06:21', '22cd4f66-5ac6-4515-9d04-421b5f71c619'),
 ('27', 'Asset', '1', '0', '2017-01-03 22:06:22', '2017-01-03 22:06:22', 'cc87acf2-2c19-4b0b-881c-8f8c7589dfb1'),
 ('28', 'Asset', '1', '0', '2017-01-03 22:06:22', '2017-01-03 22:06:22', 'a4f962a7-1d94-4253-b807-ecead1cee11a'),
 ('29', 'Asset', '1', '0', '2017-01-03 22:06:22', '2017-01-03 22:06:22', '81dac710-e76c-42b1-a01b-ae5e44d39c06'),
 ('30', 'Asset', '1', '0', '2017-01-03 22:06:22', '2017-01-03 22:06:22', '031b946b-8a67-4cf0-bf3a-e83385e7b433'),
 ('31', 'Asset', '1', '0', '2017-01-03 22:06:22', '2017-01-03 22:06:22', '73677f8e-01ed-45f7-ab9b-11178e6283ff'),
 ('32', 'Asset', '1', '0', '2017-01-03 22:06:22', '2017-01-03 22:06:22', '109cdd03-e34d-457c-9f40-9c663b611986'),
 ('33', 'Asset', '1', '0', '2017-01-03 22:06:23', '2017-01-03 22:06:23', '9e8d5589-a3bf-4380-b6a0-e4d972271898'),
 ('34', 'Asset', '1', '0', '2017-01-03 22:06:23', '2017-01-03 22:06:23', '39c54b9d-2f15-496d-8bc8-d48c0577ca3c'),
 ('35', 'Asset', '1', '0', '2017-01-03 22:06:23', '2017-01-03 22:06:23', 'ef7b6f52-5b75-41e6-9cf7-fb864a26457a'),
 ('36', 'Asset', '1', '0', '2017-01-03 22:06:23', '2017-01-03 22:06:23', 'ec1c33af-8e71-4a63-b2c6-df9a78335dbe'),
 ('37', 'Asset', '1', '0', '2017-01-03 22:06:23', '2017-01-03 22:06:23', '90ff394d-4101-4242-89d3-351015a7768c'),
 ('38', 'Asset', '1', '0', '2017-01-03 22:06:23', '2017-01-03 22:06:23', 'af441cae-cf8f-4c99-b7c9-716ddac145d4');



DROP TABLE IF EXISTS `craft_elements_i18n`;


--
-- Schema for table `craft_elements_i18n`
--
CREATE TABLE `craft_elements_i18n` (
  `id` int(11) NOT NULL AUTO_INCREMENT,
  `elementId` int(11) NOT NULL,
  `locale` char(12) COLLATE utf8_unicode_ci NOT NULL,
  `slug` varchar(255) COLLATE utf8_unicode_ci DEFAULT NULL,
  `uri` varchar(255) COLLATE utf8_unicode_ci DEFAULT NULL,
  `enabled` tinyint(1) unsigned NOT NULL DEFAULT '1',
  `dateCreated` datetime NOT NULL,
  `dateUpdated` datetime NOT NULL,
  `uid` char(36) COLLATE utf8_unicode_ci NOT NULL DEFAULT '0',
  PRIMARY KEY (`id`),
  UNIQUE KEY `craft_elements_i18n_elementId_locale_unq_idx` (`elementId`,`locale`),
  UNIQUE KEY `craft_elements_i18n_uri_locale_unq_idx` (`uri`,`locale`),
  KEY `craft_elements_i18n_slug_locale_idx` (`slug`,`locale`),
  KEY `craft_elements_i18n_enabled_idx` (`enabled`),
  KEY `craft_elements_i18n_locale_fk` (`locale`)
) ENGINE=InnoDB AUTO_INCREMENT=39 DEFAULT CHARSET=utf8 COLLATE=utf8_unicode_ci;

--
-- Data for table `craft_elements_i18n`
--

INSERT INTO `craft_elements_i18n` (`id`, `elementId`, `locale`, `slug`, `uri`, `enabled`, `dateCreated`, `dateUpdated`, `uid`) VALUES
 ('1', '1', 'en_us', '', NULL, '1', '2017-01-02 19:15:15', '2017-01-02 19:15:15', '8aa1f00a-b51b-4744-9b15-d6163f6f95ab'),
 ('2', '2', 'en_us', 'homepage', '__home__', '1', '2017-01-02 19:15:18', '2017-01-02 19:41:45', 'a2585e7f-6dbf-4d39-83be-cf8157ad52bf'),
 ('3', '3', 'en_us', 'we-just-installed-craft', 'news/2017/we-just-installed-craft', '1', '2017-01-02 19:15:18', '2017-01-02 19:15:18', '11e8124d-9169-4183-b21b-298f5401a65c'),
 ('4', '4', 'en_us', 'second-news-title', 'news/2017/second-news-title', '1', '2017-01-02 20:10:53', '2017-01-02 20:10:53', 'bb553fe4-883b-4557-a645-a5ea0bb302dc'),
 ('5', '5', 'en_us', 'homesource-logo', NULL, '1', '2017-01-03 18:25:26', '2017-01-03 22:06:20', 'b6223450-f025-4bb8-bccd-16e9e3e70fe0'),
 ('7', '7', 'en_us', 'about-background-image-1', NULL, '1', '2017-01-03 22:06:18', '2017-01-03 22:06:18', '786ca3dd-4c89-46b4-b709-05b4d50a84ee'),
 ('8', '8', 'en_us', 'happylager', NULL, '1', '2017-01-03 22:06:18', '2017-01-03 22:06:18', 'f134548c-0a1f-4e62-b48a-a1fc3f32d7cc'),
 ('9', '9', 'en_us', 'glassfull', NULL, '1', '2017-01-03 22:06:19', '2017-01-03 22:06:19', '9e4dbbdb-19c3-4564-8a32-e85acd27745f'),
 ('10', '10', 'en_us', 'headingbg-blue', NULL, '1', '2017-01-03 22:06:19', '2017-01-03 22:06:19', '61f21d4b-84c9-4962-9241-cb9643050b0f'),
 ('11', '11', 'en_us', 'headingbg-gray', NULL, '1', '2017-01-03 22:06:19', '2017-01-03 22:06:19', 'fea8d1bb-c129-4b45-bf52-7c508217c882'),
 ('12', '12', 'en_us', 'headingbg-orange', NULL, '1', '2017-01-03 22:06:19', '2017-01-03 22:06:19', '4da186c9-dc05-44db-9328-cec35ba6fc37'),
 ('13', '13', 'en_us', 'headingbg-yellow', NULL, '1', '2017-01-03 22:06:19', '2017-01-03 22:06:19', '4d695171-6c70-4d81-8866-e06e09087900'),
 ('14', '14', 'en_us', 'hl', NULL, '1', '2017-01-03 22:06:19', '2017-01-03 22:06:19', 'd6f3d160-b2a8-4f38-be3f-4d271d43e29f'),
 ('15', '15', 'en_us', 'how-made-background', NULL, '1', '2017-01-03 22:06:20', '2017-01-03 22:06:20', '87b0785c-1f92-4c0c-9c43-710154a18740'),
 ('16', '16', 'en_us', 'icon-arrow-alt', NULL, '1', '2017-01-03 22:06:20', '2017-01-03 22:06:20', 'e09a56a7-0987-49ea-bce0-0171fe9027b1'),
 ('17', '17', 'en_us', 'icon-arrow-white', NULL, '1', '2017-01-03 22:06:20', '2017-01-03 22:06:20', '2f41edf7-1517-4ecc-81a7-986b4bfac458'),
 ('18', '18', 'en_us', 'icon-arrow', NULL, '1', '2017-01-03 22:06:20', '2017-01-03 22:06:20', '83a63d0b-c648-400a-b2c5-e1fbadedc1d4'),
 ('19', '19', 'en_us', 'icon-beaker', NULL, '1', '2017-01-03 22:06:20', '2017-01-03 22:06:20', '9d877311-23cf-4970-8bc5-8ee4f016ce44'),
 ('20', '20', 'en_us', 'icon-beer', NULL, '1', '2017-01-03 22:06:21', '2017-01-03 22:06:21', 'ba78fc7a-3960-4c66-b459-24c0b081ac8d'),
 ('21', '21', 'en_us', 'icon-beercan', NULL, '1', '2017-01-03 22:06:21', '2017-01-03 22:06:21', '72f3bf80-10fe-4250-a4ac-fdfb2d020b4d'),
 ('22', '22', 'en_us', 'icon-news', NULL, '1', '2017-01-03 22:06:21', '2017-01-03 22:06:21', '4a15964f-d1fe-45e2-be75-8d15e2879a43'),
 ('23', '23', 'en_us', 'icon-news', NULL, '1', '2017-01-03 22:06:21', '2017-01-03 22:06:21', '80639a2d-41e2-4a7f-9364-2a3c69a7553f'),
 ('24', '24', 'en_us', 'icon-quote', NULL, '1', '2017-01-03 22:06:21', '2017-01-03 22:06:21', 'bcaef31b-f1a7-416f-b4a1-31f47fe27f2d'),
 ('25', '25', 'en_us', 'icon-wrenches', NULL, '1', '2017-01-03 22:06:21', '2017-01-03 22:06:21', '764e1824-d741-491f-b375-e1344cc54700'),
 ('26', '26', 'en_us', 'larry-page', NULL, '1', '2017-01-03 22:06:21', '2017-01-03 22:06:21', '969e2e29-dcc4-48dc-bec6-109c21b129f9'),
 ('27', '27', 'en_us', 'nav-sel', NULL, '1', '2017-01-03 22:06:22', '2017-01-03 22:06:22', 'afeb0f4a-78bb-450d-aace-0a31d48e3141'),
 ('28', '28', 'en_us', 'quote-bubble', NULL, '1', '2017-01-03 22:06:22', '2017-01-03 22:06:22', 'c720331e-d54c-4bc2-8d0b-b7cdfd88df6c'),
 ('29', '29', 'en_us', 'app-development', NULL, '1', '2017-01-03 22:06:22', '2017-01-03 22:06:22', '54084ee0-7a8d-4212-82fb-6c40934be847'),
 ('30', '30', 'en_us', 'design', NULL, '1', '2017-01-03 22:06:22', '2017-01-03 22:06:22', 'a775479f-0451-42df-a96a-9604d8746367'),
 ('31', '31', 'en_us', 'development', NULL, '1', '2017-01-03 22:06:22', '2017-01-03 22:06:22', '8d0baf79-ee54-47b7-942d-1559402ff28d'),
 ('32', '32', 'en_us', 'email-marketing', NULL, '1', '2017-01-03 22:06:22', '2017-01-03 22:06:22', '94027f95-2f3f-4ce4-a665-d77dab564341'),
 ('33', '33', 'en_us', 'seo', NULL, '1', '2017-01-03 22:06:23', '2017-01-03 22:06:23', '1a1054e9-fad9-4c97-b39d-3cd6df7a9ac8'),
 ('34', '34', 'en_us', 'strategy', NULL, '1', '2017-01-03 22:06:23', '2017-01-03 22:06:23', '2df8d7ff-ad79-4739-a307-416940114945'),
 ('35', '35', 'en_us', 'skis', NULL, '1', '2017-01-03 22:06:23', '2017-01-03 22:06:23', '5b95a9c9-a71c-49d5-9210-6fc59bf0ce44'),
 ('36', '36', 'en_us', 'social-sprite', NULL, '1', '2017-01-03 22:06:23', '2017-01-03 22:06:23', 'e362a35d-6cd3-4f71-8e40-8c983b44788e'),
 ('37', '37', 'en_us', 'testimonials-background', NULL, '1', '2017-01-03 22:06:23', '2017-01-03 22:06:23', '4ad35b3f-5be5-4da4-b662-da97336a532b'),
 ('38', '38', 'en_us', 'wired', NULL, '1', '2017-01-03 22:06:23', '2017-01-03 22:06:23', '5d927c68-20fe-478a-bcdf-91f720ebe40a');



DROP TABLE IF EXISTS `craft_emailmessages`;


--
-- Schema for table `craft_emailmessages`
--
CREATE TABLE `craft_emailmessages` (
  `id` int(11) NOT NULL AUTO_INCREMENT,
  `key` char(150) COLLATE utf8_unicode_ci NOT NULL,
  `locale` char(12) COLLATE utf8_unicode_ci NOT NULL,
  `subject` varchar(1000) COLLATE utf8_unicode_ci NOT NULL,
  `body` text COLLATE utf8_unicode_ci NOT NULL,
  `dateCreated` datetime NOT NULL,
  `dateUpdated` datetime NOT NULL,
  `uid` char(36) COLLATE utf8_unicode_ci NOT NULL DEFAULT '0',
  PRIMARY KEY (`id`),
  UNIQUE KEY `craft_emailmessages_key_locale_unq_idx` (`key`,`locale`),
  KEY `craft_emailmessages_locale_fk` (`locale`)
) ENGINE=InnoDB DEFAULT CHARSET=utf8 COLLATE=utf8_unicode_ci;

DROP TABLE IF EXISTS `craft_entries`;


--
-- Schema for table `craft_entries`
--
CREATE TABLE `craft_entries` (
  `id` int(11) NOT NULL,
  `sectionId` int(11) NOT NULL,
  `typeId` int(11) DEFAULT NULL,
  `authorId` int(11) DEFAULT NULL,
  `postDate` datetime DEFAULT NULL,
  `expiryDate` datetime DEFAULT NULL,
  `dateCreated` datetime NOT NULL,
  `dateUpdated` datetime NOT NULL,
  `uid` char(36) COLLATE utf8_unicode_ci NOT NULL DEFAULT '0',
  PRIMARY KEY (`id`),
  KEY `craft_entries_sectionId_idx` (`sectionId`),
  KEY `craft_entries_typeId_idx` (`typeId`),
  KEY `craft_entries_postDate_idx` (`postDate`),
  KEY `craft_entries_expiryDate_idx` (`expiryDate`),
  KEY `craft_entries_authorId_fk` (`authorId`)
) ENGINE=InnoDB DEFAULT CHARSET=utf8 COLLATE=utf8_unicode_ci;

--
-- Data for table `craft_entries`
--

INSERT INTO `craft_entries` (`id`, `sectionId`, `typeId`, `authorId`, `postDate`, `expiryDate`, `dateCreated`, `dateUpdated`, `uid`) VALUES
 ('2', '1', NULL, NULL, '2017-01-02 19:15:17', NULL, '2017-01-02 19:15:18', '2017-01-02 19:41:45', '44598bb3-3e54-4cab-8ea4-589799f0a836'),
 ('3', '2', '2', '1', '2017-01-02 19:15:18', NULL, '2017-01-02 19:15:18', '2017-01-02 19:15:18', '7cb8f3a0-f9ff-4c59-bea9-fa3f61733890'),
 ('4', '2', '2', '1', '2017-01-02 20:10:53', NULL, '2017-01-02 20:10:53', '2017-01-02 20:10:53', '8aa17c77-4670-400f-88bf-d32ed9f1b6f2');



DROP TABLE IF EXISTS `craft_entrydrafts`;


--
-- Schema for table `craft_entrydrafts`
--
CREATE TABLE `craft_entrydrafts` (
  `id` int(11) NOT NULL AUTO_INCREMENT,
  `entryId` int(11) NOT NULL,
  `sectionId` int(11) NOT NULL,
  `creatorId` int(11) NOT NULL,
  `locale` char(12) COLLATE utf8_unicode_ci NOT NULL,
  `name` varchar(255) COLLATE utf8_unicode_ci NOT NULL,
  `notes` tinytext COLLATE utf8_unicode_ci,
  `data` mediumtext COLLATE utf8_unicode_ci NOT NULL,
  `dateCreated` datetime NOT NULL,
  `dateUpdated` datetime NOT NULL,
  `uid` char(36) COLLATE utf8_unicode_ci NOT NULL DEFAULT '0',
  PRIMARY KEY (`id`),
  KEY `craft_entrydrafts_entryId_locale_idx` (`entryId`,`locale`),
  KEY `craft_entrydrafts_sectionId_fk` (`sectionId`),
  KEY `craft_entrydrafts_creatorId_fk` (`creatorId`),
  KEY `craft_entrydrafts_locale_fk` (`locale`)
) ENGINE=InnoDB DEFAULT CHARSET=utf8 COLLATE=utf8_unicode_ci;

DROP TABLE IF EXISTS `craft_entrytypes`;


--
-- Schema for table `craft_entrytypes`
--
CREATE TABLE `craft_entrytypes` (
  `id` int(11) NOT NULL AUTO_INCREMENT,
  `sectionId` int(11) NOT NULL,
  `fieldLayoutId` int(11) DEFAULT NULL,
  `name` varchar(255) COLLATE utf8_unicode_ci NOT NULL,
  `handle` varchar(255) COLLATE utf8_unicode_ci NOT NULL,
  `hasTitleField` tinyint(1) unsigned NOT NULL DEFAULT '1',
  `titleLabel` varchar(255) COLLATE utf8_unicode_ci DEFAULT 'Title',
  `titleFormat` varchar(255) COLLATE utf8_unicode_ci DEFAULT NULL,
  `sortOrder` smallint(6) unsigned DEFAULT NULL,
  `dateCreated` datetime NOT NULL,
  `dateUpdated` datetime NOT NULL,
  `uid` char(36) COLLATE utf8_unicode_ci NOT NULL DEFAULT '0',
  PRIMARY KEY (`id`),
  UNIQUE KEY `craft_entrytypes_name_sectionId_unq_idx` (`name`,`sectionId`),
  UNIQUE KEY `craft_entrytypes_handle_sectionId_unq_idx` (`handle`,`sectionId`),
  KEY `craft_entrytypes_sectionId_fk` (`sectionId`),
  KEY `craft_entrytypes_fieldLayoutId_fk` (`fieldLayoutId`)
) ENGINE=InnoDB AUTO_INCREMENT=3 DEFAULT CHARSET=utf8 COLLATE=utf8_unicode_ci;

--
-- Data for table `craft_entrytypes`
--

INSERT INTO `craft_entrytypes` (`id`, `sectionId`, `fieldLayoutId`, `name`, `handle`, `hasTitleField`, `titleLabel`, `titleFormat`, `sortOrder`, `dateCreated`, `dateUpdated`, `uid`) VALUES
 ('1', '1', '6', 'Homepage', 'homepage', '1', 'Title', NULL, '1', '2017-01-02 19:15:17', '2017-01-02 20:07:23', 'cf64442f-3a07-4d6b-920f-375245ddc781'),
 ('2', '2', '7', 'News', 'news', '1', 'Title', NULL, '1', '2017-01-02 19:15:18', '2017-01-02 20:07:32', '8de2155d-08d7-4bae-acb7-f5f0e04d62d4');



DROP TABLE IF EXISTS `craft_entryversions`;


--
-- Schema for table `craft_entryversions`
--
CREATE TABLE `craft_entryversions` (
  `id` int(11) NOT NULL AUTO_INCREMENT,
  `entryId` int(11) NOT NULL,
  `sectionId` int(11) NOT NULL,
  `creatorId` int(11) DEFAULT NULL,
  `locale` char(12) COLLATE utf8_unicode_ci NOT NULL,
  `num` smallint(6) unsigned NOT NULL,
  `notes` tinytext COLLATE utf8_unicode_ci,
  `data` mediumtext COLLATE utf8_unicode_ci NOT NULL,
  `dateCreated` datetime NOT NULL,
  `dateUpdated` datetime NOT NULL,
  `uid` char(36) COLLATE utf8_unicode_ci NOT NULL DEFAULT '0',
  PRIMARY KEY (`id`),
  KEY `craft_entryversions_entryId_locale_idx` (`entryId`,`locale`),
  KEY `craft_entryversions_sectionId_fk` (`sectionId`),
  KEY `craft_entryversions_creatorId_fk` (`creatorId`),
  KEY `craft_entryversions_locale_fk` (`locale`)
) ENGINE=InnoDB AUTO_INCREMENT=6 DEFAULT CHARSET=utf8 COLLATE=utf8_unicode_ci;

--
-- Data for table `craft_entryversions`
--

INSERT INTO `craft_entryversions` (`id`, `entryId`, `sectionId`, `creatorId`, `locale`, `num`, `notes`, `data`, `dateCreated`, `dateUpdated`, `uid`) VALUES
 ('1', '2', '1', '1', 'en_us', '1', NULL, '{\"typeId\":\"1\",\"authorId\":null,\"title\":\"Homepage\",\"slug\":\"homepage\",\"postDate\":1483384517,\"expiryDate\":null,\"enabled\":1,\"parentId\":null,\"fields\":[]}', '2017-01-02 19:15:18', '2017-01-02 19:15:18', '04f982d1-e1f1-4366-9a5a-001a785f157b'),
 ('2', '2', '1', '1', 'en_us', '2', NULL, '{\"typeId\":null,\"authorId\":null,\"title\":\"Welcome to Localhost!\",\"slug\":\"homepage\",\"postDate\":1483384517,\"expiryDate\":null,\"enabled\":\"1\",\"parentId\":null,\"fields\":{\"1\":\"<p>It\\u2019s true, this site doesn\\u2019t have a whole lot of content yet, but don\\u2019t worry. Our web developers have just installed the CMS, and they\\u2019re setting things up for the content editors this very moment. Soon Localhost will be an oasis of fresh perspectives, sharp analyses, and astute opinions that will keep you coming back again and again.<\\/p>\"}}', '2017-01-02 19:15:18', '2017-01-02 19:15:18', 'a3ab33f4-93e5-4d39-8cdb-5ce366ba2c43'),
 ('3', '3', '2', '1', 'en_us', '1', NULL, '{\"typeId\":\"2\",\"authorId\":\"1\",\"title\":\"We just installed Craft!\",\"slug\":\"we-just-installed-craft\",\"postDate\":1483384518,\"expiryDate\":null,\"enabled\":1,\"parentId\":null,\"fields\":[]}', '2017-01-02 19:15:18', '2017-01-02 19:15:18', '058d5ad9-dfa8-4f5d-b4ec-c89acecce380'),
 ('4', '2', '1', '1', 'en_us', '3', '', '{\"typeId\":null,\"authorId\":null,\"title\":\"Homepage Edited!\",\"slug\":\"homepage\",\"postDate\":1483384517,\"expiryDate\":null,\"enabled\":1,\"parentId\":null,\"fields\":{\"1\":\"<p>It\\u2019s true, this site doesn\\u2019t have a whole lot of content yet, but don\\u2019t worry. Our web developers have just installed the CMS, and they\\u2019re setting things up for the content editors this very moment. Soon Localhost will be an oasis of fresh perspectives, sharp analyses, and astute opinions that will keep you coming back again and again.<\\/p>\"}}', '2017-01-02 19:41:45', '2017-01-02 19:41:45', '4c658a15-6bdb-4952-992f-6ea8fe301223'),
 ('5', '4', '2', '1', 'en_us', '1', '', '{\"typeId\":null,\"authorId\":\"1\",\"title\":\"Second News title\",\"slug\":\"second-news-title\",\"postDate\":1483387853,\"expiryDate\":null,\"enabled\":1,\"parentId\":null,\"fields\":{\"1\":\"<p>Here is a second news article...<\\/p>\",\"2\":\"\"}}', '2017-01-02 20:10:53', '2017-01-02 20:10:53', '90081b52-3e1c-4bc4-855d-e32ad6049cde');



DROP TABLE IF EXISTS `craft_fieldgroups`;


--
-- Schema for table `craft_fieldgroups`
--
CREATE TABLE `craft_fieldgroups` (
  `id` int(11) NOT NULL AUTO_INCREMENT,
  `name` varchar(255) COLLATE utf8_unicode_ci NOT NULL,
  `dateCreated` datetime NOT NULL,
  `dateUpdated` datetime NOT NULL,
  `uid` char(36) COLLATE utf8_unicode_ci NOT NULL DEFAULT '0',
  PRIMARY KEY (`id`),
  UNIQUE KEY `craft_fieldgroups_name_unq_idx` (`name`)
) ENGINE=InnoDB AUTO_INCREMENT=2 DEFAULT CHARSET=utf8 COLLATE=utf8_unicode_ci;

--
-- Data for table `craft_fieldgroups`
--

INSERT INTO `craft_fieldgroups` (`id`, `name`, `dateCreated`, `dateUpdated`, `uid`) VALUES
 ('1', 'Default', '2017-01-02 19:15:17', '2017-01-02 19:15:17', 'dad06fd4-0312-4332-a844-4016ada8892d');



DROP TABLE IF EXISTS `craft_fieldlayoutfields`;


--
-- Schema for table `craft_fieldlayoutfields`
--
CREATE TABLE `craft_fieldlayoutfields` (
  `id` int(11) NOT NULL AUTO_INCREMENT,
  `layoutId` int(11) NOT NULL,
  `tabId` int(11) NOT NULL,
  `fieldId` int(11) NOT NULL,
  `required` tinyint(1) unsigned NOT NULL DEFAULT '0',
  `sortOrder` smallint(6) unsigned DEFAULT NULL,
  `dateCreated` datetime NOT NULL,
  `dateUpdated` datetime NOT NULL,
  `uid` char(36) COLLATE utf8_unicode_ci NOT NULL DEFAULT '0',
  PRIMARY KEY (`id`),
  UNIQUE KEY `craft_fieldlayoutfields_layoutId_fieldId_unq_idx` (`layoutId`,`fieldId`),
  KEY `craft_fieldlayoutfields_sortOrder_idx` (`sortOrder`),
  KEY `craft_fieldlayoutfields_tabId_fk` (`tabId`),
  KEY `craft_fieldlayoutfields_fieldId_fk` (`fieldId`)
) ENGINE=InnoDB AUTO_INCREMENT=7 DEFAULT CHARSET=utf8 COLLATE=utf8_unicode_ci;

--
-- Data for table `craft_fieldlayoutfields`
--

INSERT INTO `craft_fieldlayoutfields` (`id`, `layoutId`, `tabId`, `fieldId`, `required`, `sortOrder`, `dateCreated`, `dateUpdated`, `uid`) VALUES
 ('4', '6', '3', '1', '1', '1', '2017-01-02 20:07:23', '2017-01-02 20:07:23', '9afd0916-f24b-4f1d-82b8-7f4900f38aef'),
 ('5', '7', '4', '1', '1', '1', '2017-01-02 20:07:32', '2017-01-02 20:07:32', '6b265683-0f96-42b2-97c8-591499c5c632'),
 ('6', '7', '4', '2', '0', '2', '2017-01-02 20:07:32', '2017-01-02 20:07:32', '6da41fc1-4626-44fa-af14-cc67e162a9df');



DROP TABLE IF EXISTS `craft_fieldlayouts`;


--
-- Schema for table `craft_fieldlayouts`
--
CREATE TABLE `craft_fieldlayouts` (
  `id` int(11) NOT NULL AUTO_INCREMENT,
  `type` varchar(150) COLLATE utf8_unicode_ci NOT NULL,
  `dateCreated` datetime NOT NULL,
  `dateUpdated` datetime NOT NULL,
  `uid` char(36) COLLATE utf8_unicode_ci NOT NULL DEFAULT '0',
  PRIMARY KEY (`id`),
  KEY `craft_fieldlayouts_type_idx` (`type`)
) ENGINE=InnoDB AUTO_INCREMENT=24 DEFAULT CHARSET=utf8 COLLATE=utf8_unicode_ci;

--
-- Data for table `craft_fieldlayouts`
--

INSERT INTO `craft_fieldlayouts` (`id`, `type`, `dateCreated`, `dateUpdated`, `uid`) VALUES
 ('1', 'Tag', '2017-01-02 19:15:17', '2017-01-02 19:15:17', 'e58653fe-c7dc-4311-85a5-6857c778d310'),
 ('6', 'Entry', '2017-01-02 20:07:23', '2017-01-02 20:07:23', '8c3de1f0-2d7d-4fea-bc83-20a4de343e93'),
 ('7', 'Entry', '2017-01-02 20:07:32', '2017-01-02 20:07:32', '672d4ceb-7671-4450-b155-e7c238a90234'),
 ('9', 'Asset', '2017-01-02 20:53:09', '2017-01-02 20:53:09', 'bb014615-bd84-431d-97be-d4cadb1d5c3f'),
 ('23', 'Asset', '2017-01-03 18:32:15', '2017-01-03 18:32:15', '31d9a696-a425-4aa4-b0e5-24316a059307');



DROP TABLE IF EXISTS `craft_fieldlayouttabs`;


--
-- Schema for table `craft_fieldlayouttabs`
--
CREATE TABLE `craft_fieldlayouttabs` (
  `id` int(11) NOT NULL AUTO_INCREMENT,
  `layoutId` int(11) NOT NULL,
  `name` varchar(255) COLLATE utf8_unicode_ci NOT NULL,
  `sortOrder` smallint(6) unsigned DEFAULT NULL,
  `dateCreated` datetime NOT NULL,
  `dateUpdated` datetime NOT NULL,
  `uid` char(36) COLLATE utf8_unicode_ci NOT NULL DEFAULT '0',
  PRIMARY KEY (`id`),
  KEY `craft_fieldlayouttabs_sortOrder_idx` (`sortOrder`),
  KEY `craft_fieldlayouttabs_layoutId_fk` (`layoutId`)
) ENGINE=InnoDB AUTO_INCREMENT=5 DEFAULT CHARSET=utf8 COLLATE=utf8_unicode_ci;

--
-- Data for table `craft_fieldlayouttabs`
--

INSERT INTO `craft_fieldlayouttabs` (`id`, `layoutId`, `name`, `sortOrder`, `dateCreated`, `dateUpdated`, `uid`) VALUES
 ('3', '6', 'Content', '1', '2017-01-02 20:07:23', '2017-01-02 20:07:23', '61b1db4c-488d-48c5-9d01-db2df425b205'),
 ('4', '7', 'Content', '1', '2017-01-02 20:07:32', '2017-01-02 20:07:32', '79d4cfb7-e846-482f-b35f-0605a498baef');



DROP TABLE IF EXISTS `craft_fields`;


--
-- Schema for table `craft_fields`
--
CREATE TABLE `craft_fields` (
  `id` int(11) NOT NULL AUTO_INCREMENT,
  `groupId` int(11) DEFAULT NULL,
  `name` varchar(255) COLLATE utf8_unicode_ci NOT NULL,
  `handle` varchar(58) COLLATE utf8_unicode_ci NOT NULL,
  `context` varchar(255) COLLATE utf8_unicode_ci NOT NULL DEFAULT 'global',
  `instructions` text COLLATE utf8_unicode_ci,
  `translatable` tinyint(1) unsigned NOT NULL DEFAULT '0',
  `type` varchar(150) COLLATE utf8_unicode_ci NOT NULL,
  `settings` text COLLATE utf8_unicode_ci,
  `dateCreated` datetime NOT NULL,
  `dateUpdated` datetime NOT NULL,
  `uid` char(36) COLLATE utf8_unicode_ci NOT NULL DEFAULT '0',
  PRIMARY KEY (`id`),
  UNIQUE KEY `craft_fields_handle_context_unq_idx` (`handle`,`context`),
  KEY `craft_fields_context_idx` (`context`),
  KEY `craft_fields_groupId_fk` (`groupId`)
) ENGINE=InnoDB AUTO_INCREMENT=3 DEFAULT CHARSET=utf8 COLLATE=utf8_unicode_ci;

--
-- Data for table `craft_fields`
--

INSERT INTO `craft_fields` (`id`, `groupId`, `name`, `handle`, `context`, `instructions`, `translatable`, `type`, `settings`, `dateCreated`, `dateUpdated`, `uid`) VALUES
 ('1', '1', 'Body', 'body', 'global', NULL, '1', 'RichText', '{\"configFile\":\"Standard.json\",\"columnType\":\"text\"}', '2017-01-02 19:15:17', '2017-01-02 19:15:17', 'ddc14e47-5c3b-471f-91e1-5a6cd0f6e9f3'),
 ('2', '1', 'Tags', 'tags', 'global', NULL, '0', 'Tags', '{\"source\":\"taggroup:1\"}', '2017-01-02 19:15:17', '2017-01-02 19:15:17', '077fc9dd-8486-4885-9792-3d338aeea5d0');



DROP TABLE IF EXISTS `craft_globalsets`;


--
-- Schema for table `craft_globalsets`
--
CREATE TABLE `craft_globalsets` (
  `id` int(11) NOT NULL,
  `name` varchar(255) COLLATE utf8_unicode_ci NOT NULL,
  `handle` varchar(255) COLLATE utf8_unicode_ci NOT NULL,
  `fieldLayoutId` int(10) DEFAULT NULL,
  `dateCreated` datetime NOT NULL,
  `dateUpdated` datetime NOT NULL,
  `uid` char(36) COLLATE utf8_unicode_ci NOT NULL DEFAULT '0',
  PRIMARY KEY (`id`),
  UNIQUE KEY `craft_globalsets_name_unq_idx` (`name`),
  UNIQUE KEY `craft_globalsets_handle_unq_idx` (`handle`),
  KEY `craft_globalsets_fieldLayoutId_fk` (`fieldLayoutId`)
) ENGINE=InnoDB DEFAULT CHARSET=utf8 COLLATE=utf8_unicode_ci;

DROP TABLE IF EXISTS `craft_info`;


--
-- Schema for table `craft_info`
--
CREATE TABLE `craft_info` (
  `id` int(11) NOT NULL AUTO_INCREMENT,
  `version` varchar(50) COLLATE utf8_unicode_ci NOT NULL,
  `schemaVersion` varchar(15) COLLATE utf8_unicode_ci NOT NULL,
  `edition` tinyint(1) unsigned NOT NULL DEFAULT '0',
  `siteName` varchar(100) COLLATE utf8_unicode_ci NOT NULL,
  `siteUrl` varchar(255) COLLATE utf8_unicode_ci NOT NULL,
  `timezone` varchar(30) COLLATE utf8_unicode_ci DEFAULT NULL,
  `on` tinyint(1) unsigned NOT NULL DEFAULT '0',
  `maintenance` tinyint(1) unsigned NOT NULL DEFAULT '0',
  `dateCreated` datetime NOT NULL,
  `dateUpdated` datetime NOT NULL,
  `uid` char(36) COLLATE utf8_unicode_ci NOT NULL DEFAULT '0',
  PRIMARY KEY (`id`)
) ENGINE=InnoDB AUTO_INCREMENT=2 DEFAULT CHARSET=utf8 COLLATE=utf8_unicode_ci;

--
-- Data for table `craft_info`
--

INSERT INTO `craft_info` (`id`, `version`, `schemaVersion`, `edition`, `siteName`, `siteUrl`, `timezone`, `on`, `maintenance`, `dateCreated`, `dateUpdated`, `uid`) VALUES
 ('1', '2.6.2957', '2.6.9', '0', 'Homesource Partners', 'http://localhost:8888/', 'America/Denver', '1', '1', '2017-01-02 19:15:13', '2017-01-05 18:38:14', '70a12d5e-9576-4de3-8f53-0cc690839c47');



DROP TABLE IF EXISTS `craft_locales`;


--
-- Schema for table `craft_locales`
--
CREATE TABLE `craft_locales` (
  `locale` char(12) COLLATE utf8_unicode_ci NOT NULL,
  `sortOrder` smallint(6) unsigned DEFAULT NULL,
  `dateCreated` datetime NOT NULL,
  `dateUpdated` datetime NOT NULL,
  `uid` char(36) COLLATE utf8_unicode_ci NOT NULL DEFAULT '0',
  PRIMARY KEY (`locale`),
  KEY `craft_locales_sortOrder_idx` (`sortOrder`)
) ENGINE=InnoDB DEFAULT CHARSET=utf8 COLLATE=utf8_unicode_ci;

--
-- Data for table `craft_locales`
--

INSERT INTO `craft_locales` (`locale`, `sortOrder`, `dateCreated`, `dateUpdated`, `uid`) VALUES
 ('en_us', '1', '2017-01-02 19:15:13', '2017-01-02 19:15:13', 'ac879ea4-e290-4c29-accd-9e9add5b0943');



DROP TABLE IF EXISTS `craft_matrixblocks`;


--
-- Schema for table `craft_matrixblocks`
--
CREATE TABLE `craft_matrixblocks` (
  `id` int(11) NOT NULL,
  `ownerId` int(11) NOT NULL,
  `fieldId` int(11) NOT NULL,
  `typeId` int(11) DEFAULT NULL,
  `sortOrder` smallint(6) unsigned DEFAULT NULL,
  `ownerLocale` char(12) COLLATE utf8_unicode_ci DEFAULT NULL,
  `dateCreated` datetime NOT NULL,
  `dateUpdated` datetime NOT NULL,
  `uid` char(36) COLLATE utf8_unicode_ci NOT NULL DEFAULT '0',
  PRIMARY KEY (`id`),
  KEY `craft_matrixblocks_ownerId_idx` (`ownerId`),
  KEY `craft_matrixblocks_fieldId_idx` (`fieldId`),
  KEY `craft_matrixblocks_typeId_idx` (`typeId`),
  KEY `craft_matrixblocks_sortOrder_idx` (`sortOrder`),
  KEY `craft_matrixblocks_ownerLocale_fk` (`ownerLocale`)
) ENGINE=InnoDB DEFAULT CHARSET=utf8 COLLATE=utf8_unicode_ci;

DROP TABLE IF EXISTS `craft_matrixblocktypes`;


--
-- Schema for table `craft_matrixblocktypes`
--
CREATE TABLE `craft_matrixblocktypes` (
  `id` int(11) NOT NULL AUTO_INCREMENT,
  `fieldId` int(11) NOT NULL,
  `fieldLayoutId` int(11) DEFAULT NULL,
  `name` varchar(255) COLLATE utf8_unicode_ci NOT NULL,
  `handle` varchar(255) COLLATE utf8_unicode_ci NOT NULL,
  `sortOrder` smallint(6) unsigned DEFAULT NULL,
  `dateCreated` datetime NOT NULL,
  `dateUpdated` datetime NOT NULL,
  `uid` char(36) COLLATE utf8_unicode_ci NOT NULL DEFAULT '0',
  PRIMARY KEY (`id`),
  UNIQUE KEY `craft_matrixblocktypes_name_fieldId_unq_idx` (`name`,`fieldId`),
  UNIQUE KEY `craft_matrixblocktypes_handle_fieldId_unq_idx` (`handle`,`fieldId`),
  KEY `craft_matrixblocktypes_fieldId_fk` (`fieldId`),
  KEY `craft_matrixblocktypes_fieldLayoutId_fk` (`fieldLayoutId`)
) ENGINE=InnoDB DEFAULT CHARSET=utf8 COLLATE=utf8_unicode_ci;

DROP TABLE IF EXISTS `craft_migrations`;


--
-- Schema for table `craft_migrations`
--
CREATE TABLE `craft_migrations` (
  `id` int(11) NOT NULL AUTO_INCREMENT,
  `pluginId` int(11) DEFAULT NULL,
  `version` varchar(255) COLLATE utf8_unicode_ci NOT NULL,
  `applyTime` datetime NOT NULL,
  `dateCreated` datetime NOT NULL,
  `dateUpdated` datetime NOT NULL,
  `uid` char(36) COLLATE utf8_unicode_ci NOT NULL DEFAULT '0',
  PRIMARY KEY (`id`),
  UNIQUE KEY `craft_migrations_version_unq_idx` (`version`),
  KEY `craft_migrations_pluginId_fk` (`pluginId`)
) ENGINE=InnoDB AUTO_INCREMENT=39 DEFAULT CHARSET=utf8 COLLATE=utf8_unicode_ci;

--
-- Data for table `craft_migrations`
--

INSERT INTO `craft_migrations` (`id`, `pluginId`, `version`, `applyTime`, `dateCreated`, `dateUpdated`, `uid`) VALUES
 ('1', NULL, 'm000000_000000_base', '2017-01-02 19:15:13', '2017-01-02 19:15:13', '2017-01-02 19:15:13', '4ef0ee01-1cee-4973-9f42-8752d2cb7c4c'),
 ('2', NULL, 'm140730_000001_add_filename_and_format_to_transformindex', '2017-01-02 19:15:13', '2017-01-02 19:15:13', '2017-01-02 19:15:13', '9a834e52-de69-453a-a0bb-714e072c41cb'),
 ('3', NULL, 'm140815_000001_add_format_to_transforms', '2017-01-02 19:15:13', '2017-01-02 19:15:13', '2017-01-02 19:15:13', '917a6071-6249-454d-831f-7a15c2ac810c'),
 ('4', NULL, 'm140822_000001_allow_more_than_128_items_per_field', '2017-01-02 19:15:13', '2017-01-02 19:15:13', '2017-01-02 19:15:13', '4cc8ae86-0921-40d1-94ae-15f5300e1893'),
 ('5', NULL, 'm140829_000001_single_title_formats', '2017-01-02 19:15:13', '2017-01-02 19:15:13', '2017-01-02 19:15:13', '388bd8bc-3faa-4872-9ccd-988eedf4a22d'),
 ('6', NULL, 'm140831_000001_extended_cache_keys', '2017-01-02 19:15:13', '2017-01-02 19:15:13', '2017-01-02 19:15:13', '0197bb20-e8b2-43b2-b613-c8ac528bc6aa'),
 ('7', NULL, 'm140922_000001_delete_orphaned_matrix_blocks', '2017-01-02 19:15:13', '2017-01-02 19:15:13', '2017-01-02 19:15:13', 'a7838f01-2dfc-46cc-a9c0-0f175bdb4914'),
 ('8', NULL, 'm141008_000001_elements_index_tune', '2017-01-02 19:15:13', '2017-01-02 19:15:13', '2017-01-02 19:15:13', '40e66114-b416-4622-a693-7a581433619a'),
 ('9', NULL, 'm141009_000001_assets_source_handle', '2017-01-02 19:15:13', '2017-01-02 19:15:13', '2017-01-02 19:15:13', '4670671d-26d9-4b2a-a290-04f93b6ab336'),
 ('10', NULL, 'm141024_000001_field_layout_tabs', '2017-01-02 19:15:13', '2017-01-02 19:15:13', '2017-01-02 19:15:13', '63390397-b19e-49e2-9058-9b35fa75af03'),
 ('11', NULL, 'm141030_000000_plugin_schema_versions', '2017-01-02 19:15:13', '2017-01-02 19:15:13', '2017-01-02 19:15:13', 'b1b3d510-082d-4b91-ac89-5436898d6f28'),
 ('12', NULL, 'm141030_000001_drop_structure_move_permission', '2017-01-02 19:15:13', '2017-01-02 19:15:13', '2017-01-02 19:15:13', 'a0746839-ca03-4104-b93a-4028559353eb'),
 ('13', NULL, 'm141103_000001_tag_titles', '2017-01-02 19:15:13', '2017-01-02 19:15:13', '2017-01-02 19:15:13', '1e4a8c75-241d-4475-82e3-7e403e920133'),
 ('14', NULL, 'm141109_000001_user_status_shuffle', '2017-01-02 19:15:13', '2017-01-02 19:15:13', '2017-01-02 19:15:13', '4e213eea-2cf6-4f4b-a78d-921dacb2cfce'),
 ('15', NULL, 'm141126_000001_user_week_start_day', '2017-01-02 19:15:13', '2017-01-02 19:15:13', '2017-01-02 19:15:13', 'dc46ca53-4aa4-4bff-8c3d-6426d3923f6d'),
 ('16', NULL, 'm150210_000001_adjust_user_photo_size', '2017-01-02 19:15:13', '2017-01-02 19:15:13', '2017-01-02 19:15:13', '5da925d6-527f-4c5f-b5ea-ceb36c8be762'),
 ('17', NULL, 'm150724_000001_adjust_quality_settings', '2017-01-02 19:15:13', '2017-01-02 19:15:13', '2017-01-02 19:15:13', '8b049f0a-d071-4891-9cb7-23da7400dce0'),
 ('18', NULL, 'm150827_000000_element_index_settings', '2017-01-02 19:15:13', '2017-01-02 19:15:13', '2017-01-02 19:15:13', 'c8d04942-e127-4501-a24e-bb3bca67b0b5'),
 ('19', NULL, 'm150918_000001_add_colspan_to_widgets', '2017-01-02 19:15:13', '2017-01-02 19:15:13', '2017-01-02 19:15:13', 'c384a27e-d702-4f57-becf-21eef4fc230e'),
 ('20', NULL, 'm151007_000000_clear_asset_caches', '2017-01-02 19:15:13', '2017-01-02 19:15:13', '2017-01-02 19:15:13', 'd815aa81-c0a0-4219-a4c7-c01372392f13'),
 ('21', NULL, 'm151109_000000_text_url_formats', '2017-01-02 19:15:13', '2017-01-02 19:15:13', '2017-01-02 19:15:13', '4a7fcac5-11cc-4a6d-b6fc-7486518af146'),
 ('22', NULL, 'm151110_000000_move_logo', '2017-01-02 19:15:13', '2017-01-02 19:15:13', '2017-01-02 19:15:13', '8a119dde-463e-48ef-aabf-fde329ee323a'),
 ('23', NULL, 'm151117_000000_adjust_image_widthheight', '2017-01-02 19:15:13', '2017-01-02 19:15:13', '2017-01-02 19:15:13', '469aa6d6-cfd5-45af-b3c9-4b9d4e9016f1'),
 ('24', NULL, 'm151127_000000_clear_license_key_status', '2017-01-02 19:15:13', '2017-01-02 19:15:13', '2017-01-02 19:15:13', '34c3e475-e982-4a06-bd24-976f0526246f'),
 ('25', NULL, 'm151127_000000_plugin_license_keys', '2017-01-02 19:15:13', '2017-01-02 19:15:13', '2017-01-02 19:15:13', '0fddd80b-6cc1-4c78-b7b5-9989d9df70d1'),
 ('26', NULL, 'm151130_000000_update_pt_widget_feeds', '2017-01-02 19:15:13', '2017-01-02 19:15:13', '2017-01-02 19:15:13', '00f116e6-b35a-4155-b581-c1aa460faa93'),
 ('27', NULL, 'm160114_000000_asset_sources_public_url_default_true', '2017-01-02 19:15:13', '2017-01-02 19:15:13', '2017-01-02 19:15:13', 'f4bd96f4-52dd-4c62-9bf3-33ddb6d2cc02'),
 ('28', NULL, 'm160223_000000_sortorder_to_smallint', '2017-01-02 19:15:13', '2017-01-02 19:15:13', '2017-01-02 19:15:13', '6594d9d3-66ad-4fe7-a2e8-518ee18269c7'),
 ('29', NULL, 'm160229_000000_set_default_entry_statuses', '2017-01-02 19:15:13', '2017-01-02 19:15:13', '2017-01-02 19:15:13', 'bce9485b-c6f2-45df-8b88-b3dc1d715056'),
 ('30', NULL, 'm160304_000000_client_permissions', '2017-01-02 19:15:13', '2017-01-02 19:15:13', '2017-01-02 19:15:13', 'd84ebd35-547c-4adf-b28d-100bde94054d'),
 ('31', NULL, 'm160322_000000_asset_filesize', '2017-01-02 19:15:13', '2017-01-02 19:15:13', '2017-01-02 19:15:13', '4e08ca84-5548-46e2-bd34-e319549d3d0b'),
 ('32', NULL, 'm160503_000000_orphaned_fieldlayouts', '2017-01-02 19:15:13', '2017-01-02 19:15:13', '2017-01-02 19:15:13', '1143cad9-ee9c-4fd8-9cc9-8e8b0dae2bac'),
 ('33', NULL, 'm160510_000000_tasksettings', '2017-01-02 19:15:13', '2017-01-02 19:15:13', '2017-01-02 19:15:13', '76879188-a03d-4d34-a5e0-a226724781b5'),
 ('34', NULL, 'm160829_000000_pending_user_content_cleanup', '2017-01-02 19:15:13', '2017-01-02 19:15:13', '2017-01-02 19:15:13', '369c9a1b-4b5c-4658-87a1-90c6ec074dfb'),
 ('35', NULL, 'm160830_000000_asset_index_uri_increase', '2017-01-02 19:15:13', '2017-01-02 19:15:13', '2017-01-02 19:15:13', '7d300ecf-3ea5-45bf-b4a9-3509bb17515b'),
 ('36', NULL, 'm160919_000000_usergroup_handle_title_unique', '2017-01-02 19:15:13', '2017-01-02 19:15:13', '2017-01-02 19:15:13', '2094bd67-b21a-495a-83c3-901854253fcf'),
 ('37', NULL, 'm161108_000000_new_version_format', '2017-01-02 19:15:13', '2017-01-02 19:15:13', '2017-01-02 19:15:13', 'e0fbfcda-558a-423b-b4ad-7b3c4ecc80d9'),
 ('38', NULL, 'm161109_000000_index_shuffle', '2017-01-02 19:15:13', '2017-01-02 19:15:13', '2017-01-02 19:15:13', '86d69239-5fd1-41cf-ae89-e525c9558bf2');



DROP TABLE IF EXISTS `craft_plugins`;


--
-- Schema for table `craft_plugins`
--
CREATE TABLE `craft_plugins` (
  `id` int(11) NOT NULL AUTO_INCREMENT,
  `class` varchar(150) COLLATE utf8_unicode_ci NOT NULL,
  `version` varchar(15) COLLATE utf8_unicode_ci NOT NULL,
  `schemaVersion` varchar(15) COLLATE utf8_unicode_ci DEFAULT NULL,
  `licenseKey` char(24) COLLATE utf8_unicode_ci DEFAULT NULL,
  `licenseKeyStatus` enum('valid','invalid','mismatched','unknown') COLLATE utf8_unicode_ci NOT NULL DEFAULT 'unknown',
  `enabled` tinyint(1) unsigned NOT NULL DEFAULT '0',
  `settings` text COLLATE utf8_unicode_ci,
  `installDate` datetime NOT NULL,
  `dateCreated` datetime NOT NULL,
  `dateUpdated` datetime NOT NULL,
  `uid` char(36) COLLATE utf8_unicode_ci NOT NULL DEFAULT '0',
  PRIMARY KEY (`id`)
) ENGINE=InnoDB DEFAULT CHARSET=utf8 COLLATE=utf8_unicode_ci;

DROP TABLE IF EXISTS `craft_rackspaceaccess`;


--
-- Schema for table `craft_rackspaceaccess`
--
CREATE TABLE `craft_rackspaceaccess` (
  `id` int(11) NOT NULL AUTO_INCREMENT,
  `connectionKey` varchar(255) COLLATE utf8_unicode_ci NOT NULL,
  `token` varchar(255) COLLATE utf8_unicode_ci NOT NULL,
  `storageUrl` varchar(255) COLLATE utf8_unicode_ci NOT NULL,
  `cdnUrl` varchar(255) COLLATE utf8_unicode_ci NOT NULL,
  `dateCreated` datetime NOT NULL,
  `dateUpdated` datetime NOT NULL,
  `uid` char(36) COLLATE utf8_unicode_ci NOT NULL DEFAULT '0',
  PRIMARY KEY (`id`),
  UNIQUE KEY `craft_rackspaceaccess_connectionKey_unq_idx` (`connectionKey`)
) ENGINE=InnoDB DEFAULT CHARSET=utf8 COLLATE=utf8_unicode_ci;

DROP TABLE IF EXISTS `craft_relations`;


--
-- Schema for table `craft_relations`
--
CREATE TABLE `craft_relations` (
  `id` int(11) NOT NULL AUTO_INCREMENT,
  `fieldId` int(11) NOT NULL,
  `sourceId` int(11) NOT NULL,
  `sourceLocale` char(12) COLLATE utf8_unicode_ci DEFAULT NULL,
  `targetId` int(11) NOT NULL,
  `sortOrder` smallint(6) DEFAULT NULL,
  `dateCreated` datetime NOT NULL,
  `dateUpdated` datetime NOT NULL,
  `uid` char(36) COLLATE utf8_unicode_ci NOT NULL DEFAULT '0',
  PRIMARY KEY (`id`),
  UNIQUE KEY `craft_relations_fieldId_sourceId_sourceLocale_targetId_unq_idx` (`fieldId`,`sourceId`,`sourceLocale`,`targetId`),
  KEY `craft_relations_sourceId_fk` (`sourceId`),
  KEY `craft_relations_sourceLocale_fk` (`sourceLocale`),
  KEY `craft_relations_targetId_fk` (`targetId`)
) ENGINE=InnoDB DEFAULT CHARSET=utf8 COLLATE=utf8_unicode_ci;

DROP TABLE IF EXISTS `craft_routes`;


--
-- Schema for table `craft_routes`
--
CREATE TABLE `craft_routes` (
  `id` int(11) NOT NULL AUTO_INCREMENT,
  `locale` char(12) COLLATE utf8_unicode_ci DEFAULT NULL,
  `urlParts` varchar(255) COLLATE utf8_unicode_ci NOT NULL,
  `urlPattern` varchar(255) COLLATE utf8_unicode_ci NOT NULL,
  `template` varchar(255) COLLATE utf8_unicode_ci NOT NULL,
  `sortOrder` smallint(6) unsigned DEFAULT NULL,
  `dateCreated` datetime NOT NULL,
  `dateUpdated` datetime NOT NULL,
  `uid` char(36) COLLATE utf8_unicode_ci NOT NULL DEFAULT '0',
  PRIMARY KEY (`id`),
  UNIQUE KEY `craft_routes_urlPattern_unq_idx` (`urlPattern`),
  KEY `craft_routes_locale_idx` (`locale`)
) ENGINE=InnoDB DEFAULT CHARSET=utf8 COLLATE=utf8_unicode_ci;

DROP TABLE IF EXISTS `craft_searchindex`;


--
-- Schema for table `craft_searchindex`
--
CREATE TABLE `craft_searchindex` (
  `elementId` int(11) NOT NULL,
  `attribute` varchar(25) COLLATE utf8_unicode_ci NOT NULL,
  `fieldId` int(11) NOT NULL,
  `locale` char(12) COLLATE utf8_unicode_ci NOT NULL,
  `keywords` text COLLATE utf8_unicode_ci NOT NULL,
  PRIMARY KEY (`elementId`,`attribute`,`fieldId`,`locale`),
  FULLTEXT KEY `craft_searchindex_keywords_idx` (`keywords`)
) ENGINE=MyISAM DEFAULT CHARSET=utf8 COLLATE=utf8_unicode_ci;

--
-- Data for table `craft_searchindex`
--

INSERT INTO `craft_searchindex` (`elementId`, `attribute`, `fieldId`, `locale`, `keywords`) VALUES
 ('1', 'username', '0', 'en_us', ' webadmin '),
 ('1', 'firstname', '0', 'en_us', ''),
 ('1', 'lastname', '0', 'en_us', ''),
 ('1', 'fullname', '0', 'en_us', ''),
 ('1', 'email', '0', 'en_us', ' me chrisbob com '),
 ('1', 'slug', '0', 'en_us', ''),
 ('2', 'slug', '0', 'en_us', ' homepage '),
 ('2', 'title', '0', 'en_us', ' homepage edited '),
 ('2', 'field', '1', 'en_us', ' it s true this site doesn t have a whole lot of content yet but don t worry our web developers have just installed the cms and they re setting things up for the content editors this very moment soon localhost will be an oasis of fresh perspectives sharp analyses and astute opinions that will keep you coming back again and again '),
 ('3', 'field', '1', 'en_us', ' craft is the cms that s powering localhost it s beautiful powerful flexible and easy to use and it s made by pixel tonic we can t wait to dive in and see what it s capable of this is even more captivating content which you couldn t see on the news index page because it was entered after a page break and the news index template only likes to show the content on the first page craft a nice alternative to word if you re making a website '),
 ('3', 'field', '2', 'en_us', ''),
 ('3', 'slug', '0', 'en_us', ' we just installed craft '),
 ('3', 'title', '0', 'en_us', ' we just installed craft '),
 ('4', 'field', '1', 'en_us', ' here is a second news article '),
 ('4', 'field', '2', 'en_us', ''),
 ('4', 'slug', '0', 'en_us', ' second news title '),
 ('4', 'title', '0', 'en_us', ' second news title '),
 ('5', 'filename', '0', 'en_us', ' homesource logo jpg '),
 ('5', 'extension', '0', 'en_us', ' jpg '),
 ('5', 'kind', '0', 'en_us', ' image '),
 ('5', 'slug', '0', 'en_us', ' homesource logo '),
 ('5', 'title', '0', 'en_us', ' homesource logo '),
 ('7', 'kind', '0', 'en_us', ' image '),
 ('7', 'slug', '0', 'en_us', ' about background image 1 '),
 ('7', 'extension', '0', 'en_us', ' jpg '),
 ('7', 'filename', '0', 'en_us', ' about background image 1 jpg '),
 ('7', 'title', '0', 'en_us', ' about background image 1 '),
 ('8', 'filename', '0', 'en_us', ' happylager svg '),
 ('8', 'extension', '0', 'en_us', ' svg '),
 ('8', 'kind', '0', 'en_us', ' image '),
 ('8', 'slug', '0', 'en_us', ' happylager '),
 ('8', 'title', '0', 'en_us', ' happylager '),
 ('9', 'filename', '0', 'en_us', ' glassfull png '),
 ('9', 'extension', '0', 'en_us', ' png '),
 ('9', 'kind', '0', 'en_us', ' image '),
 ('9', 'slug', '0', 'en_us', ' glassfull '),
 ('9', 'title', '0', 'en_us', ' glassfull '),
 ('10', 'filename', '0', 'en_us', ' headingbg blue svg '),
 ('10', 'extension', '0', 'en_us', ' svg '),
 ('10', 'kind', '0', 'en_us', ' image '),
 ('10', 'slug', '0', 'en_us', ' headingbg blue '),
 ('10', 'title', '0', 'en_us', ' headingbg blue '),
 ('11', 'filename', '0', 'en_us', ' headingbg gray svg '),
 ('11', 'extension', '0', 'en_us', ' svg '),
 ('11', 'kind', '0', 'en_us', ' image '),
 ('11', 'slug', '0', 'en_us', ' headingbg gray '),
 ('11', 'title', '0', 'en_us', ' headingbg gray '),
 ('12', 'filename', '0', 'en_us', ' headingbg orange svg '),
 ('12', 'extension', '0', 'en_us', ' svg '),
 ('12', 'kind', '0', 'en_us', ' image '),
 ('12', 'slug', '0', 'en_us', ' headingbg orange '),
 ('12', 'title', '0', 'en_us', ' headingbg orange '),
 ('13', 'filename', '0', 'en_us', ' headingbg yellow svg '),
 ('13', 'extension', '0', 'en_us', ' svg '),
 ('13', 'kind', '0', 'en_us', ' image '),
 ('13', 'slug', '0', 'en_us', ' headingbg yellow '),
 ('13', 'title', '0', 'en_us', ' headingbg yellow '),
 ('14', 'filename', '0', 'en_us', ' hl svg '),
 ('14', 'extension', '0', 'en_us', ' svg '),
 ('14', 'kind', '0', 'en_us', ' image '),
 ('14', 'slug', '0', 'en_us', ' hl '),
 ('14', 'title', '0', 'en_us', ' hl '),
 ('15', 'filename', '0', 'en_us', ' how made background jpg '),
 ('15', 'extension', '0', 'en_us', ' jpg '),
 ('15', 'kind', '0', 'en_us', ' image '),
 ('15', 'slug', '0', 'en_us', ' how made background '),
 ('15', 'title', '0', 'en_us', ' how made background '),
 ('16', 'filename', '0', 'en_us', ' icon arrow alt svg '),
 ('16', 'extension', '0', 'en_us', ' svg '),
 ('16', 'kind', '0', 'en_us', ' image '),
 ('16', 'slug', '0', 'en_us', ' icon arrow alt '),
 ('16', 'title', '0', 'en_us', ' icon arrow alt '),
 ('17', 'filename', '0', 'en_us', ' icon arrow white svg '),
 ('17', 'extension', '0', 'en_us', ' svg '),
 ('17', 'kind', '0', 'en_us', ' image '),
 ('17', 'slug', '0', 'en_us', ' icon arrow white '),
 ('17', 'title', '0', 'en_us', ' icon arrow white '),
 ('18', 'filename', '0', 'en_us', ' icon arrow svg '),
 ('18', 'extension', '0', 'en_us', ' svg '),
 ('18', 'kind', '0', 'en_us', ' image '),
 ('18', 'slug', '0', 'en_us', ' icon arrow '),
 ('18', 'title', '0', 'en_us', ' icon arrow '),
 ('19', 'filename', '0', 'en_us', ' icon beaker png '),
 ('19', 'extension', '0', 'en_us', ' png '),
 ('19', 'kind', '0', 'en_us', ' image '),
 ('19', 'slug', '0', 'en_us', ' icon beaker '),
 ('19', 'title', '0', 'en_us', ' icon beaker '),
 ('20', 'filename', '0', 'en_us', ' icon beer png '),
 ('20', 'extension', '0', 'en_us', ' png '),
 ('20', 'kind', '0', 'en_us', ' image '),
 ('20', 'slug', '0', 'en_us', ' icon beer '),
 ('20', 'title', '0', 'en_us', ' icon beer '),
 ('21', 'filename', '0', 'en_us', ' icon beercan png '),
 ('21', 'extension', '0', 'en_us', ' png '),
 ('21', 'kind', '0', 'en_us', ' image '),
 ('21', 'slug', '0', 'en_us', ' icon beercan '),
 ('21', 'title', '0', 'en_us', ' icon beercan '),
 ('22', 'filename', '0', 'en_us', ' icon news png '),
 ('22', 'extension', '0', 'en_us', ' png '),
 ('22', 'kind', '0', 'en_us', ' image ');
INSERT INTO `craft_searchindex` (`elementId`, `attribute`, `fieldId`, `locale`, `keywords`) VALUES
 ('22', 'slug', '0', 'en_us', ' icon news '),
 ('22', 'title', '0', 'en_us', ' icon news '),
 ('23', 'filename', '0', 'en_us', ' icon news svg '),
 ('23', 'extension', '0', 'en_us', ' svg '),
 ('23', 'kind', '0', 'en_us', ' image '),
 ('23', 'slug', '0', 'en_us', ' icon news '),
 ('23', 'title', '0', 'en_us', ' icon news '),
 ('24', 'filename', '0', 'en_us', ' icon quote svg '),
 ('24', 'extension', '0', 'en_us', ' svg '),
 ('24', 'kind', '0', 'en_us', ' image '),
 ('24', 'slug', '0', 'en_us', ' icon quote '),
 ('24', 'title', '0', 'en_us', ' icon quote '),
 ('25', 'filename', '0', 'en_us', ' icon wrenches svg '),
 ('25', 'extension', '0', 'en_us', ' svg '),
 ('25', 'kind', '0', 'en_us', ' image '),
 ('25', 'slug', '0', 'en_us', ' icon wrenches '),
 ('25', 'title', '0', 'en_us', ' icon wrenches '),
 ('26', 'filename', '0', 'en_us', ' larry page png '),
 ('26', 'extension', '0', 'en_us', ' png '),
 ('26', 'kind', '0', 'en_us', ' image '),
 ('26', 'slug', '0', 'en_us', ' larry page '),
 ('26', 'title', '0', 'en_us', ' larry page '),
 ('27', 'filename', '0', 'en_us', ' nav sel svg '),
 ('27', 'extension', '0', 'en_us', ' svg '),
 ('27', 'kind', '0', 'en_us', ' image '),
 ('27', 'slug', '0', 'en_us', ' nav sel '),
 ('27', 'title', '0', 'en_us', ' nav sel '),
 ('28', 'filename', '0', 'en_us', ' quote bubble png '),
 ('28', 'extension', '0', 'en_us', ' png '),
 ('28', 'kind', '0', 'en_us', ' image '),
 ('28', 'slug', '0', 'en_us', ' quote bubble '),
 ('28', 'title', '0', 'en_us', ' quote bubble '),
 ('29', 'filename', '0', 'en_us', ' app development svg '),
 ('29', 'extension', '0', 'en_us', ' svg '),
 ('29', 'kind', '0', 'en_us', ' image '),
 ('29', 'slug', '0', 'en_us', ' app development '),
 ('29', 'title', '0', 'en_us', ' app development '),
 ('30', 'filename', '0', 'en_us', ' design svg '),
 ('30', 'extension', '0', 'en_us', ' svg '),
 ('30', 'kind', '0', 'en_us', ' image '),
 ('30', 'slug', '0', 'en_us', ' design '),
 ('30', 'title', '0', 'en_us', ' design '),
 ('31', 'filename', '0', 'en_us', ' development svg '),
 ('31', 'extension', '0', 'en_us', ' svg '),
 ('31', 'kind', '0', 'en_us', ' image '),
 ('31', 'slug', '0', 'en_us', ' development '),
 ('31', 'title', '0', 'en_us', ' development '),
 ('32', 'filename', '0', 'en_us', ' email marketing svg '),
 ('32', 'extension', '0', 'en_us', ' svg '),
 ('32', 'kind', '0', 'en_us', ' image '),
 ('32', 'slug', '0', 'en_us', ' email marketing '),
 ('32', 'title', '0', 'en_us', ' email marketing '),
 ('33', 'filename', '0', 'en_us', ' seo svg '),
 ('33', 'extension', '0', 'en_us', ' svg '),
 ('33', 'kind', '0', 'en_us', ' image '),
 ('33', 'slug', '0', 'en_us', ' seo '),
 ('33', 'title', '0', 'en_us', ' seo '),
 ('34', 'filename', '0', 'en_us', ' strategy svg '),
 ('34', 'extension', '0', 'en_us', ' svg '),
 ('34', 'kind', '0', 'en_us', ' image '),
 ('34', 'slug', '0', 'en_us', ' strategy '),
 ('34', 'title', '0', 'en_us', ' strategy '),
 ('35', 'filename', '0', 'en_us', ' skis jpg '),
 ('35', 'extension', '0', 'en_us', ' jpg '),
 ('35', 'kind', '0', 'en_us', ' image '),
 ('35', 'slug', '0', 'en_us', ' skis '),
 ('35', 'title', '0', 'en_us', ' skis '),
 ('36', 'filename', '0', 'en_us', ' social sprite png '),
 ('36', 'extension', '0', 'en_us', ' png '),
 ('36', 'kind', '0', 'en_us', ' image '),
 ('36', 'slug', '0', 'en_us', ' social sprite '),
 ('36', 'title', '0', 'en_us', ' social sprite '),
 ('37', 'filename', '0', 'en_us', ' testimonials background jpg '),
 ('37', 'extension', '0', 'en_us', ' jpg '),
 ('37', 'kind', '0', 'en_us', ' image '),
 ('37', 'slug', '0', 'en_us', ' testimonials background '),
 ('37', 'title', '0', 'en_us', ' testimonials background '),
 ('38', 'filename', '0', 'en_us', ' wired svg '),
 ('38', 'extension', '0', 'en_us', ' svg '),
 ('38', 'kind', '0', 'en_us', ' image '),
 ('38', 'slug', '0', 'en_us', ' wired '),
 ('38', 'title', '0', 'en_us', ' wired ');



DROP TABLE IF EXISTS `craft_sections`;


--
-- Schema for table `craft_sections`
--
CREATE TABLE `craft_sections` (
  `id` int(11) NOT NULL AUTO_INCREMENT,
  `structureId` int(11) DEFAULT NULL,
  `name` varchar(255) COLLATE utf8_unicode_ci NOT NULL,
  `handle` varchar(255) COLLATE utf8_unicode_ci NOT NULL,
  `type` enum('single','channel','structure') COLLATE utf8_unicode_ci NOT NULL DEFAULT 'channel',
  `hasUrls` tinyint(1) unsigned NOT NULL DEFAULT '1',
  `template` varchar(500) COLLATE utf8_unicode_ci DEFAULT NULL,
  `enableVersioning` tinyint(1) unsigned NOT NULL DEFAULT '0',
  `dateCreated` datetime NOT NULL,
  `dateUpdated` datetime NOT NULL,
  `uid` char(36) COLLATE utf8_unicode_ci NOT NULL DEFAULT '0',
  PRIMARY KEY (`id`),
  UNIQUE KEY `craft_sections_name_unq_idx` (`name`),
  UNIQUE KEY `craft_sections_handle_unq_idx` (`handle`),
  KEY `craft_sections_structureId_fk` (`structureId`)
) ENGINE=InnoDB AUTO_INCREMENT=3 DEFAULT CHARSET=utf8 COLLATE=utf8_unicode_ci;

--
-- Data for table `craft_sections`
--

INSERT INTO `craft_sections` (`id`, `structureId`, `name`, `handle`, `type`, `hasUrls`, `template`, `enableVersioning`, `dateCreated`, `dateUpdated`, `uid`) VALUES
 ('1', NULL, 'Homepage', 'homepage', 'single', '1', 'index', '1', '2017-01-02 19:15:17', '2017-01-02 19:15:17', 'f729177c-cbb9-40c7-9cd5-f63519508447'),
 ('2', NULL, 'News', 'news', 'channel', '1', 'news/_entry', '1', '2017-01-02 19:15:18', '2017-01-02 19:15:18', 'f596dadb-77ef-47a1-9eb0-392c830f0c83');



DROP TABLE IF EXISTS `craft_sections_i18n`;


--
-- Schema for table `craft_sections_i18n`
--
CREATE TABLE `craft_sections_i18n` (
  `id` int(11) NOT NULL AUTO_INCREMENT,
  `sectionId` int(11) NOT NULL,
  `locale` char(12) COLLATE utf8_unicode_ci NOT NULL,
  `enabledByDefault` tinyint(1) unsigned NOT NULL DEFAULT '1',
  `urlFormat` text COLLATE utf8_unicode_ci,
  `nestedUrlFormat` text COLLATE utf8_unicode_ci,
  `dateCreated` datetime NOT NULL,
  `dateUpdated` datetime NOT NULL,
  `uid` char(36) COLLATE utf8_unicode_ci NOT NULL DEFAULT '0',
  PRIMARY KEY (`id`),
  UNIQUE KEY `craft_sections_i18n_sectionId_locale_unq_idx` (`sectionId`,`locale`),
  KEY `craft_sections_i18n_locale_fk` (`locale`)
) ENGINE=InnoDB AUTO_INCREMENT=3 DEFAULT CHARSET=utf8 COLLATE=utf8_unicode_ci;

--
-- Data for table `craft_sections_i18n`
--

INSERT INTO `craft_sections_i18n` (`id`, `sectionId`, `locale`, `enabledByDefault`, `urlFormat`, `nestedUrlFormat`, `dateCreated`, `dateUpdated`, `uid`) VALUES
 ('1', '1', 'en_us', '1', '__home__', NULL, '2017-01-02 19:15:17', '2017-01-02 19:15:17', '0c4a6c79-4c87-4716-aee6-ad827134160a'),
 ('2', '2', 'en_us', '1', 'news/{postDate.year}/{slug}', NULL, '2017-01-02 19:15:18', '2017-01-02 19:15:18', '1d8a53c4-50d0-481f-8d9e-d8106568d3a5');



DROP TABLE IF EXISTS `craft_sessions`;


--
-- Schema for table `craft_sessions`
--
CREATE TABLE `craft_sessions` (
  `id` int(11) NOT NULL AUTO_INCREMENT,
  `userId` int(11) NOT NULL,
  `token` char(100) COLLATE utf8_unicode_ci NOT NULL,
  `dateCreated` datetime NOT NULL,
  `dateUpdated` datetime NOT NULL,
  `uid` char(36) COLLATE utf8_unicode_ci NOT NULL DEFAULT '0',
  PRIMARY KEY (`id`),
  KEY `craft_sessions_uid_idx` (`uid`),
  KEY `craft_sessions_token_idx` (`token`),
  KEY `craft_sessions_dateUpdated_idx` (`dateUpdated`),
  KEY `craft_sessions_userId_fk` (`userId`)
) ENGINE=InnoDB AUTO_INCREMENT=7 DEFAULT CHARSET=utf8 COLLATE=utf8_unicode_ci;

DROP TABLE IF EXISTS `craft_shunnedmessages`;


--
-- Schema for table `craft_shunnedmessages`
--
CREATE TABLE `craft_shunnedmessages` (
  `id` int(11) NOT NULL AUTO_INCREMENT,
  `userId` int(11) NOT NULL,
  `message` varchar(255) COLLATE utf8_unicode_ci NOT NULL,
  `expiryDate` datetime DEFAULT NULL,
  `dateCreated` datetime NOT NULL,
  `dateUpdated` datetime NOT NULL,
  `uid` char(36) COLLATE utf8_unicode_ci NOT NULL DEFAULT '0',
  PRIMARY KEY (`id`),
  UNIQUE KEY `craft_shunnedmessages_userId_message_unq_idx` (`userId`,`message`)
) ENGINE=InnoDB DEFAULT CHARSET=utf8 COLLATE=utf8_unicode_ci;

DROP TABLE IF EXISTS `craft_structureelements`;


--
-- Schema for table `craft_structureelements`
--
CREATE TABLE `craft_structureelements` (
  `id` int(11) NOT NULL AUTO_INCREMENT,
  `structureId` int(11) NOT NULL,
  `elementId` int(11) DEFAULT NULL,
  `root` int(11) unsigned DEFAULT NULL,
  `lft` int(11) unsigned NOT NULL,
  `rgt` int(11) unsigned NOT NULL,
  `level` smallint(6) unsigned NOT NULL,
  `dateCreated` datetime NOT NULL,
  `dateUpdated` datetime NOT NULL,
  `uid` char(36) COLLATE utf8_unicode_ci NOT NULL DEFAULT '0',
  PRIMARY KEY (`id`),
  UNIQUE KEY `craft_structureelements_structureId_elementId_unq_idx` (`structureId`,`elementId`),
  KEY `craft_structureelements_root_idx` (`root`),
  KEY `craft_structureelements_lft_idx` (`lft`),
  KEY `craft_structureelements_rgt_idx` (`rgt`),
  KEY `craft_structureelements_level_idx` (`level`),
  KEY `craft_structureelements_elementId_fk` (`elementId`)
) ENGINE=InnoDB DEFAULT CHARSET=utf8 COLLATE=utf8_unicode_ci;

DROP TABLE IF EXISTS `craft_structures`;


--
-- Schema for table `craft_structures`
--
CREATE TABLE `craft_structures` (
  `id` int(11) NOT NULL AUTO_INCREMENT,
  `maxLevels` smallint(6) unsigned DEFAULT NULL,
  `dateCreated` datetime NOT NULL,
  `dateUpdated` datetime NOT NULL,
  `uid` char(36) COLLATE utf8_unicode_ci NOT NULL DEFAULT '0',
  PRIMARY KEY (`id`)
) ENGINE=InnoDB DEFAULT CHARSET=utf8 COLLATE=utf8_unicode_ci;

DROP TABLE IF EXISTS `craft_systemsettings`;


--
-- Schema for table `craft_systemsettings`
--
CREATE TABLE `craft_systemsettings` (
  `id` int(11) NOT NULL AUTO_INCREMENT,
  `category` varchar(15) COLLATE utf8_unicode_ci NOT NULL,
  `settings` text COLLATE utf8_unicode_ci,
  `dateCreated` datetime NOT NULL,
  `dateUpdated` datetime NOT NULL,
  `uid` char(36) COLLATE utf8_unicode_ci NOT NULL DEFAULT '0',
  PRIMARY KEY (`id`),
  UNIQUE KEY `craft_systemsettings_category_unq_idx` (`category`)
) ENGINE=InnoDB AUTO_INCREMENT=2 DEFAULT CHARSET=utf8 COLLATE=utf8_unicode_ci;

--
-- Data for table `craft_systemsettings`
--

INSERT INTO `craft_systemsettings` (`id`, `category`, `settings`, `dateCreated`, `dateUpdated`, `uid`) VALUES
 ('1', 'email', '{\"protocol\":\"php\",\"emailAddress\":\"me@chrisbob.com\",\"senderName\":\"Homesource Partners\"}', '2017-01-02 19:15:17', '2017-01-02 19:15:17', 'ef1a27c5-63e3-4fa0-b435-e3dbcc8e6627');



DROP TABLE IF EXISTS `craft_taggroups`;


--
-- Schema for table `craft_taggroups`
--
CREATE TABLE `craft_taggroups` (
  `id` int(11) NOT NULL AUTO_INCREMENT,
  `name` varchar(255) COLLATE utf8_unicode_ci NOT NULL,
  `handle` varchar(255) COLLATE utf8_unicode_ci NOT NULL,
  `fieldLayoutId` int(10) DEFAULT NULL,
  `dateCreated` datetime NOT NULL,
  `dateUpdated` datetime NOT NULL,
  `uid` char(36) COLLATE utf8_unicode_ci NOT NULL DEFAULT '0',
  PRIMARY KEY (`id`),
  UNIQUE KEY `craft_taggroups_name_unq_idx` (`name`),
  UNIQUE KEY `craft_taggroups_handle_unq_idx` (`handle`),
  KEY `craft_taggroups_fieldLayoutId_fk` (`fieldLayoutId`)
) ENGINE=InnoDB AUTO_INCREMENT=2 DEFAULT CHARSET=utf8 COLLATE=utf8_unicode_ci;

--
-- Data for table `craft_taggroups`
--

INSERT INTO `craft_taggroups` (`id`, `name`, `handle`, `fieldLayoutId`, `dateCreated`, `dateUpdated`, `uid`) VALUES
 ('1', 'Default', 'default', '1', '2017-01-02 19:15:17', '2017-01-02 19:15:17', '5b79ae2d-ca93-469a-aab5-52e500bf4ea2');



DROP TABLE IF EXISTS `craft_tags`;


--
-- Schema for table `craft_tags`
--
CREATE TABLE `craft_tags` (
  `id` int(11) NOT NULL,
  `groupId` int(11) NOT NULL,
  `dateCreated` datetime NOT NULL,
  `dateUpdated` datetime NOT NULL,
  `uid` char(36) COLLATE utf8_unicode_ci NOT NULL DEFAULT '0',
  PRIMARY KEY (`id`),
  KEY `craft_tags_groupId_fk` (`groupId`)
) ENGINE=InnoDB DEFAULT CHARSET=utf8 COLLATE=utf8_unicode_ci;

DROP TABLE IF EXISTS `craft_tasks`;


--
-- Schema for table `craft_tasks`
--
CREATE TABLE `craft_tasks` (
  `id` int(11) NOT NULL AUTO_INCREMENT,
  `root` int(11) unsigned DEFAULT NULL,
  `lft` int(11) unsigned NOT NULL,
  `rgt` int(11) unsigned NOT NULL,
  `level` smallint(6) unsigned NOT NULL,
  `currentStep` int(11) unsigned DEFAULT NULL,
  `totalSteps` int(11) unsigned DEFAULT NULL,
  `status` enum('pending','error','running') COLLATE utf8_unicode_ci DEFAULT NULL,
  `type` varchar(150) COLLATE utf8_unicode_ci NOT NULL,
  `description` varchar(255) COLLATE utf8_unicode_ci DEFAULT NULL,
  `settings` mediumtext COLLATE utf8_unicode_ci,
  `dateCreated` datetime NOT NULL,
  `dateUpdated` datetime NOT NULL,
  `uid` char(36) COLLATE utf8_unicode_ci NOT NULL DEFAULT '0',
  PRIMARY KEY (`id`),
  KEY `craft_tasks_root_idx` (`root`),
  KEY `craft_tasks_lft_idx` (`lft`),
  KEY `craft_tasks_rgt_idx` (`rgt`),
  KEY `craft_tasks_level_idx` (`level`)
) ENGINE=InnoDB AUTO_INCREMENT=3 DEFAULT CHARSET=utf8 COLLATE=utf8_unicode_ci;

DROP TABLE IF EXISTS `craft_templatecachecriteria`;


--
-- Schema for table `craft_templatecachecriteria`
--
CREATE TABLE `craft_templatecachecriteria` (
  `id` int(11) NOT NULL AUTO_INCREMENT,
  `cacheId` int(11) NOT NULL,
  `type` varchar(150) COLLATE utf8_unicode_ci NOT NULL,
  `criteria` text COLLATE utf8_unicode_ci NOT NULL,
  PRIMARY KEY (`id`),
  KEY `craft_templatecachecriteria_cacheId_fk` (`cacheId`),
  KEY `craft_templatecachecriteria_type_idx` (`type`)
) ENGINE=InnoDB DEFAULT CHARSET=utf8 COLLATE=utf8_unicode_ci;

DROP TABLE IF EXISTS `craft_templatecacheelements`;


--
-- Schema for table `craft_templatecacheelements`
--
CREATE TABLE `craft_templatecacheelements` (
  `cacheId` int(11) NOT NULL,
  `elementId` int(11) NOT NULL,
  KEY `craft_templatecacheelements_cacheId_fk` (`cacheId`),
  KEY `craft_templatecacheelements_elementId_fk` (`elementId`)
) ENGINE=InnoDB DEFAULT CHARSET=utf8 COLLATE=utf8_unicode_ci;

DROP TABLE IF EXISTS `craft_templatecaches`;


--
-- Schema for table `craft_templatecaches`
--
CREATE TABLE `craft_templatecaches` (
  `id` int(11) NOT NULL AUTO_INCREMENT,
  `cacheKey` varchar(255) COLLATE utf8_unicode_ci NOT NULL,
  `locale` char(12) COLLATE utf8_unicode_ci NOT NULL,
  `path` varchar(255) COLLATE utf8_unicode_ci DEFAULT NULL,
  `expiryDate` datetime NOT NULL,
  `body` mediumtext COLLATE utf8_unicode_ci NOT NULL,
  PRIMARY KEY (`id`),
  KEY `craft_templatecaches_expiryDate_cacheKey_locale_path_idx` (`expiryDate`,`cacheKey`,`locale`,`path`),
  KEY `craft_templatecaches_locale_fk` (`locale`)
) ENGINE=InnoDB DEFAULT CHARSET=utf8 COLLATE=utf8_unicode_ci;

DROP TABLE IF EXISTS `craft_tokens`;


--
-- Schema for table `craft_tokens`
--
CREATE TABLE `craft_tokens` (
  `id` int(11) NOT NULL AUTO_INCREMENT,
  `token` char(32) COLLATE utf8_unicode_ci NOT NULL,
  `route` text COLLATE utf8_unicode_ci,
  `usageLimit` tinyint(3) unsigned DEFAULT NULL,
  `usageCount` tinyint(3) unsigned DEFAULT NULL,
  `expiryDate` datetime NOT NULL,
  `dateCreated` datetime NOT NULL,
  `dateUpdated` datetime NOT NULL,
  `uid` char(36) COLLATE utf8_unicode_ci NOT NULL DEFAULT '0',
  PRIMARY KEY (`id`),
  UNIQUE KEY `craft_tokens_token_unq_idx` (`token`),
  KEY `craft_tokens_expiryDate_idx` (`expiryDate`)
) ENGINE=InnoDB DEFAULT CHARSET=utf8 COLLATE=utf8_unicode_ci;

DROP TABLE IF EXISTS `craft_usergroups`;


--
-- Schema for table `craft_usergroups`
--
CREATE TABLE `craft_usergroups` (
  `id` int(11) NOT NULL AUTO_INCREMENT,
  `name` varchar(255) COLLATE utf8_unicode_ci NOT NULL,
  `handle` varchar(255) COLLATE utf8_unicode_ci NOT NULL,
  `dateCreated` datetime NOT NULL,
  `dateUpdated` datetime NOT NULL,
  `uid` char(36) COLLATE utf8_unicode_ci NOT NULL DEFAULT '0',
  PRIMARY KEY (`id`),
  UNIQUE KEY `craft_usergroups_name_unq_idx` (`name`),
  UNIQUE KEY `craft_usergroups_handle_unq_idx` (`handle`)
) ENGINE=InnoDB DEFAULT CHARSET=utf8 COLLATE=utf8_unicode_ci;

DROP TABLE IF EXISTS `craft_usergroups_users`;


--
-- Schema for table `craft_usergroups_users`
--
CREATE TABLE `craft_usergroups_users` (
  `id` int(11) NOT NULL AUTO_INCREMENT,
  `groupId` int(11) NOT NULL,
  `userId` int(11) NOT NULL,
  `dateCreated` datetime NOT NULL,
  `dateUpdated` datetime NOT NULL,
  `uid` char(36) COLLATE utf8_unicode_ci NOT NULL DEFAULT '0',
  PRIMARY KEY (`id`),
  UNIQUE KEY `craft_usergroups_users_groupId_userId_unq_idx` (`groupId`,`userId`),
  KEY `craft_usergroups_users_userId_fk` (`userId`)
) ENGINE=InnoDB DEFAULT CHARSET=utf8 COLLATE=utf8_unicode_ci;

DROP TABLE IF EXISTS `craft_userpermissions`;


--
-- Schema for table `craft_userpermissions`
--
CREATE TABLE `craft_userpermissions` (
  `id` int(11) NOT NULL AUTO_INCREMENT,
  `name` varchar(255) COLLATE utf8_unicode_ci NOT NULL,
  `dateCreated` datetime NOT NULL,
  `dateUpdated` datetime NOT NULL,
  `uid` char(36) COLLATE utf8_unicode_ci NOT NULL DEFAULT '0',
  PRIMARY KEY (`id`),
  UNIQUE KEY `craft_userpermissions_name_unq_idx` (`name`)
) ENGINE=InnoDB DEFAULT CHARSET=utf8 COLLATE=utf8_unicode_ci;

DROP TABLE IF EXISTS `craft_userpermissions_usergroups`;


--
-- Schema for table `craft_userpermissions_usergroups`
--
CREATE TABLE `craft_userpermissions_usergroups` (
  `id` int(11) NOT NULL AUTO_INCREMENT,
  `permissionId` int(11) NOT NULL,
  `groupId` int(11) NOT NULL,
  `dateCreated` datetime NOT NULL,
  `dateUpdated` datetime NOT NULL,
  `uid` char(36) COLLATE utf8_unicode_ci NOT NULL DEFAULT '0',
  PRIMARY KEY (`id`),
  UNIQUE KEY `craft_userpermissions_usergroups_permissionId_groupId_unq_idx` (`permissionId`,`groupId`),
  KEY `craft_userpermissions_usergroups_groupId_fk` (`groupId`)
) ENGINE=InnoDB DEFAULT CHARSET=utf8 COLLATE=utf8_unicode_ci;

DROP TABLE IF EXISTS `craft_userpermissions_users`;


--
-- Schema for table `craft_userpermissions_users`
--
CREATE TABLE `craft_userpermissions_users` (
  `id` int(11) NOT NULL AUTO_INCREMENT,
  `permissionId` int(11) NOT NULL,
  `userId` int(11) NOT NULL,
  `dateCreated` datetime NOT NULL,
  `dateUpdated` datetime NOT NULL,
  `uid` char(36) COLLATE utf8_unicode_ci NOT NULL DEFAULT '0',
  PRIMARY KEY (`id`),
  UNIQUE KEY `craft_userpermissions_users_permissionId_userId_unq_idx` (`permissionId`,`userId`),
  KEY `craft_userpermissions_users_userId_fk` (`userId`)
) ENGINE=InnoDB DEFAULT CHARSET=utf8 COLLATE=utf8_unicode_ci;

DROP TABLE IF EXISTS `craft_users`;


--
-- Schema for table `craft_users`
--
CREATE TABLE `craft_users` (
  `id` int(11) NOT NULL,
  `username` varchar(100) COLLATE utf8_unicode_ci NOT NULL,
  `photo` varchar(100) COLLATE utf8_unicode_ci DEFAULT NULL,
  `firstName` varchar(100) COLLATE utf8_unicode_ci DEFAULT NULL,
  `lastName` varchar(100) COLLATE utf8_unicode_ci DEFAULT NULL,
  `email` varchar(255) COLLATE utf8_unicode_ci NOT NULL,
  `password` char(255) COLLATE utf8_unicode_ci DEFAULT NULL,
  `preferredLocale` char(12) COLLATE utf8_unicode_ci DEFAULT NULL,
  `weekStartDay` tinyint(1) unsigned NOT NULL DEFAULT '0',
  `admin` tinyint(1) unsigned NOT NULL DEFAULT '0',
  `client` tinyint(1) unsigned NOT NULL DEFAULT '0',
  `locked` tinyint(1) unsigned NOT NULL DEFAULT '0',
  `suspended` tinyint(1) unsigned NOT NULL DEFAULT '0',
  `pending` tinyint(1) unsigned NOT NULL DEFAULT '0',
  `archived` tinyint(1) unsigned NOT NULL DEFAULT '0',
  `lastLoginDate` datetime DEFAULT NULL,
  `lastLoginAttemptIPAddress` varchar(45) COLLATE utf8_unicode_ci DEFAULT NULL,
  `invalidLoginWindowStart` datetime DEFAULT NULL,
  `invalidLoginCount` tinyint(4) unsigned DEFAULT NULL,
  `lastInvalidLoginDate` datetime DEFAULT NULL,
  `lockoutDate` datetime DEFAULT NULL,
  `verificationCode` char(100) COLLATE utf8_unicode_ci DEFAULT NULL,
  `verificationCodeIssuedDate` datetime DEFAULT NULL,
  `unverifiedEmail` varchar(255) COLLATE utf8_unicode_ci DEFAULT NULL,
  `passwordResetRequired` tinyint(1) unsigned NOT NULL DEFAULT '0',
  `lastPasswordChangeDate` datetime DEFAULT NULL,
  `dateCreated` datetime NOT NULL,
  `dateUpdated` datetime NOT NULL,
  `uid` char(36) COLLATE utf8_unicode_ci NOT NULL DEFAULT '0',
  PRIMARY KEY (`id`),
  UNIQUE KEY `craft_users_username_unq_idx` (`username`),
  UNIQUE KEY `craft_users_email_unq_idx` (`email`),
  KEY `craft_users_verificationCode_idx` (`verificationCode`),
  KEY `craft_users_uid_idx` (`uid`),
  KEY `craft_users_preferredLocale_fk` (`preferredLocale`)
) ENGINE=InnoDB DEFAULT CHARSET=utf8 COLLATE=utf8_unicode_ci;

--
-- Data for table `craft_users`
--

INSERT INTO `craft_users` (`id`, `username`, `photo`, `firstName`, `lastName`, `email`, `password`, `preferredLocale`, `weekStartDay`, `admin`, `client`, `locked`, `suspended`, `pending`, `archived`, `lastLoginDate`, `lastLoginAttemptIPAddress`, `invalidLoginWindowStart`, `invalidLoginCount`, `lastInvalidLoginDate`, `lockoutDate`, `verificationCode`, `verificationCodeIssuedDate`, `unverifiedEmail`, `passwordResetRequired`, `lastPasswordChangeDate`, `dateCreated`, `dateUpdated`, `uid`) VALUES
 ('1', 'webadmin', 'homesource-logo.jpg', NULL, NULL, 'me@chrisbob.com', '$2y$13$zhID5E0RADaPQK0wmMuhruEujbq9ZNx2APEMnJ2GYzBGr3JRzZtHO', NULL, '0', '1', '0', '0', '0', '0', '0', '2017-01-05 18:34:07', '::1', NULL, NULL, NULL, NULL, NULL, NULL, NULL, '0', '2017-01-02 19:15:15', '2017-01-02 19:15:15', '2017-01-05 18:34:07', '31eda778-dd2c-4738-ac84-758bceebf6d8');



DROP TABLE IF EXISTS `craft_widgets`;


--
-- Schema for table `craft_widgets`
--
CREATE TABLE `craft_widgets` (
  `id` int(11) NOT NULL AUTO_INCREMENT,
  `userId` int(11) NOT NULL,
  `type` varchar(150) COLLATE utf8_unicode_ci NOT NULL,
  `sortOrder` smallint(6) unsigned DEFAULT NULL,
  `colspan` tinyint(4) unsigned DEFAULT NULL,
  `settings` text COLLATE utf8_unicode_ci,
  `enabled` tinyint(1) unsigned NOT NULL DEFAULT '1',
  `dateCreated` datetime NOT NULL,
  `dateUpdated` datetime NOT NULL,
  `uid` char(36) COLLATE utf8_unicode_ci NOT NULL DEFAULT '0',
  PRIMARY KEY (`id`),
  KEY `craft_widgets_userId_fk` (`userId`)
) ENGINE=InnoDB AUTO_INCREMENT=5 DEFAULT CHARSET=utf8 COLLATE=utf8_unicode_ci;

--
-- Data for table `craft_widgets`
--

INSERT INTO `craft_widgets` (`id`, `userId`, `type`, `sortOrder`, `colspan`, `settings`, `enabled`, `dateCreated`, `dateUpdated`, `uid`) VALUES
 ('1', '1', 'RecentEntries', '1', NULL, NULL, '1', '2017-01-02 19:16:11', '2017-01-02 19:16:11', '04ea0447-7bd7-4a96-8182-3012ee90f2ea'),
 ('2', '1', 'GetHelp', '2', NULL, NULL, '1', '2017-01-02 19:16:11', '2017-01-02 19:16:11', 'f393bc30-186e-4f06-8851-187e1b8f337d'),
 ('3', '1', 'Updates', '3', NULL, NULL, '1', '2017-01-02 19:16:11', '2017-01-02 19:16:11', '3f854c71-9665-482a-bec4-27dfea4fed8e'),
 ('4', '1', 'Feed', '4', NULL, '{\"url\":\"https:\\/\\/craftcms.com\\/news.rss\",\"title\":\"Craft News\"}', '1', '2017-01-02 19:16:11', '2017-01-02 19:16:11', 'c88fb82f-5f0d-415a-aaff-0c928fb843e6');


--
-- Constraints for tables
--


--
-- Constraints for table `craft_assetfiles`
--
ALTER TABLE `craft_assetfiles`
	ADD CONSTRAINT `craft_assetfiles_folderId_fk` FOREIGN KEY (`folderId`) REFERENCES `craft_assetfolders` (`id`) ON DELETE CASCADE,
	ADD CONSTRAINT `craft_assetfiles_id_fk` FOREIGN KEY (`id`) REFERENCES `craft_elements` (`id`) ON DELETE CASCADE,
	ADD CONSTRAINT `craft_assetfiles_sourceId_fk` FOREIGN KEY (`sourceId`) REFERENCES `craft_assetsources` (`id`) ON DELETE CASCADE;

--
-- Constraints for table `craft_assetfolders`
--
ALTER TABLE `craft_assetfolders`
	ADD CONSTRAINT `craft_assetfolders_parentId_fk` FOREIGN KEY (`parentId`) REFERENCES `craft_assetfolders` (`id`) ON DELETE CASCADE,
	ADD CONSTRAINT `craft_assetfolders_sourceId_fk` FOREIGN KEY (`sourceId`) REFERENCES `craft_assetsources` (`id`) ON DELETE CASCADE;

--
-- Constraints for table `craft_assetindexdata`
--
ALTER TABLE `craft_assetindexdata`
	ADD CONSTRAINT `craft_assetindexdata_sourceId_fk` FOREIGN KEY (`sourceId`) REFERENCES `craft_assetsources` (`id`) ON DELETE CASCADE;

--
-- Constraints for table `craft_assetsources`
--
ALTER TABLE `craft_assetsources`
	ADD CONSTRAINT `craft_assetsources_fieldLayoutId_fk` FOREIGN KEY (`fieldLayoutId`) REFERENCES `craft_fieldlayouts` (`id`) ON DELETE SET NULL;

--
-- Constraints for table `craft_categories`
--
ALTER TABLE `craft_categories`
	ADD CONSTRAINT `craft_categories_groupId_fk` FOREIGN KEY (`groupId`) REFERENCES `craft_categorygroups` (`id`) ON DELETE CASCADE,
	ADD CONSTRAINT `craft_categories_id_fk` FOREIGN KEY (`id`) REFERENCES `craft_elements` (`id`) ON DELETE CASCADE;

--
-- Constraints for table `craft_categorygroups`
--
ALTER TABLE `craft_categorygroups`
	ADD CONSTRAINT `craft_categorygroups_fieldLayoutId_fk` FOREIGN KEY (`fieldLayoutId`) REFERENCES `craft_fieldlayouts` (`id`) ON DELETE SET NULL,
	ADD CONSTRAINT `craft_categorygroups_structureId_fk` FOREIGN KEY (`structureId`) REFERENCES `craft_structures` (`id`) ON DELETE CASCADE;

--
-- Constraints for table `craft_categorygroups_i18n`
--
ALTER TABLE `craft_categorygroups_i18n`
	ADD CONSTRAINT `craft_categorygroups_i18n_groupId_fk` FOREIGN KEY (`groupId`) REFERENCES `craft_categorygroups` (`id`) ON DELETE CASCADE,
	ADD CONSTRAINT `craft_categorygroups_i18n_locale_fk` FOREIGN KEY (`locale`) REFERENCES `craft_locales` (`locale`) ON DELETE CASCADE ON UPDATE CASCADE;

--
-- Constraints for table `craft_content`
--
ALTER TABLE `craft_content`
	ADD CONSTRAINT `craft_content_elementId_fk` FOREIGN KEY (`elementId`) REFERENCES `craft_elements` (`id`) ON DELETE CASCADE,
	ADD CONSTRAINT `craft_content_locale_fk` FOREIGN KEY (`locale`) REFERENCES `craft_locales` (`locale`) ON DELETE CASCADE ON UPDATE CASCADE;

--
-- Constraints for table `craft_elements_i18n`
--
ALTER TABLE `craft_elements_i18n`
	ADD CONSTRAINT `craft_elements_i18n_elementId_fk` FOREIGN KEY (`elementId`) REFERENCES `craft_elements` (`id`) ON DELETE CASCADE,
	ADD CONSTRAINT `craft_elements_i18n_locale_fk` FOREIGN KEY (`locale`) REFERENCES `craft_locales` (`locale`) ON DELETE CASCADE ON UPDATE CASCADE;

--
-- Constraints for table `craft_emailmessages`
--
ALTER TABLE `craft_emailmessages`
	ADD CONSTRAINT `craft_emailmessages_locale_fk` FOREIGN KEY (`locale`) REFERENCES `craft_locales` (`locale`) ON DELETE CASCADE ON UPDATE CASCADE;

--
-- Constraints for table `craft_entries`
--
ALTER TABLE `craft_entries`
	ADD CONSTRAINT `craft_entries_authorId_fk` FOREIGN KEY (`authorId`) REFERENCES `craft_users` (`id`) ON DELETE CASCADE,
	ADD CONSTRAINT `craft_entries_id_fk` FOREIGN KEY (`id`) REFERENCES `craft_elements` (`id`) ON DELETE CASCADE,
	ADD CONSTRAINT `craft_entries_sectionId_fk` FOREIGN KEY (`sectionId`) REFERENCES `craft_sections` (`id`) ON DELETE CASCADE,
	ADD CONSTRAINT `craft_entries_typeId_fk` FOREIGN KEY (`typeId`) REFERENCES `craft_entrytypes` (`id`) ON DELETE CASCADE;

--
-- Constraints for table `craft_entrydrafts`
--
ALTER TABLE `craft_entrydrafts`
	ADD CONSTRAINT `craft_entrydrafts_creatorId_fk` FOREIGN KEY (`creatorId`) REFERENCES `craft_users` (`id`) ON DELETE CASCADE,
	ADD CONSTRAINT `craft_entrydrafts_entryId_fk` FOREIGN KEY (`entryId`) REFERENCES `craft_entries` (`id`) ON DELETE CASCADE,
	ADD CONSTRAINT `craft_entrydrafts_locale_fk` FOREIGN KEY (`locale`) REFERENCES `craft_locales` (`locale`) ON DELETE CASCADE ON UPDATE CASCADE,
	ADD CONSTRAINT `craft_entrydrafts_sectionId_fk` FOREIGN KEY (`sectionId`) REFERENCES `craft_sections` (`id`) ON DELETE CASCADE;

--
-- Constraints for table `craft_entrytypes`
--
ALTER TABLE `craft_entrytypes`
	ADD CONSTRAINT `craft_entrytypes_fieldLayoutId_fk` FOREIGN KEY (`fieldLayoutId`) REFERENCES `craft_fieldlayouts` (`id`) ON DELETE SET NULL,
	ADD CONSTRAINT `craft_entrytypes_sectionId_fk` FOREIGN KEY (`sectionId`) REFERENCES `craft_sections` (`id`) ON DELETE CASCADE;

--
-- Constraints for table `craft_entryversions`
--
ALTER TABLE `craft_entryversions`
	ADD CONSTRAINT `craft_entryversions_creatorId_fk` FOREIGN KEY (`creatorId`) REFERENCES `craft_users` (`id`) ON DELETE SET NULL,
	ADD CONSTRAINT `craft_entryversions_entryId_fk` FOREIGN KEY (`entryId`) REFERENCES `craft_entries` (`id`) ON DELETE CASCADE,
	ADD CONSTRAINT `craft_entryversions_locale_fk` FOREIGN KEY (`locale`) REFERENCES `craft_locales` (`locale`) ON DELETE CASCADE ON UPDATE CASCADE,
	ADD CONSTRAINT `craft_entryversions_sectionId_fk` FOREIGN KEY (`sectionId`) REFERENCES `craft_sections` (`id`) ON DELETE CASCADE;

--
-- Constraints for table `craft_fieldlayoutfields`
--
ALTER TABLE `craft_fieldlayoutfields`
	ADD CONSTRAINT `craft_fieldlayoutfields_fieldId_fk` FOREIGN KEY (`fieldId`) REFERENCES `craft_fields` (`id`) ON DELETE CASCADE,
	ADD CONSTRAINT `craft_fieldlayoutfields_layoutId_fk` FOREIGN KEY (`layoutId`) REFERENCES `craft_fieldlayouts` (`id`) ON DELETE CASCADE,
	ADD CONSTRAINT `craft_fieldlayoutfields_tabId_fk` FOREIGN KEY (`tabId`) REFERENCES `craft_fieldlayouttabs` (`id`) ON DELETE CASCADE;

--
-- Constraints for table `craft_fieldlayouttabs`
--
ALTER TABLE `craft_fieldlayouttabs`
	ADD CONSTRAINT `craft_fieldlayouttabs_layoutId_fk` FOREIGN KEY (`layoutId`) REFERENCES `craft_fieldlayouts` (`id`) ON DELETE CASCADE;

--
-- Constraints for table `craft_fields`
--
ALTER TABLE `craft_fields`
	ADD CONSTRAINT `craft_fields_groupId_fk` FOREIGN KEY (`groupId`) REFERENCES `craft_fieldgroups` (`id`) ON DELETE CASCADE;

--
-- Constraints for table `craft_globalsets`
--
ALTER TABLE `craft_globalsets`
	ADD CONSTRAINT `craft_globalsets_fieldLayoutId_fk` FOREIGN KEY (`fieldLayoutId`) REFERENCES `craft_fieldlayouts` (`id`) ON DELETE SET NULL,
	ADD CONSTRAINT `craft_globalsets_id_fk` FOREIGN KEY (`id`) REFERENCES `craft_elements` (`id`) ON DELETE CASCADE;

--
-- Constraints for table `craft_matrixblocks`
--
ALTER TABLE `craft_matrixblocks`
	ADD CONSTRAINT `craft_matrixblocks_fieldId_fk` FOREIGN KEY (`fieldId`) REFERENCES `craft_fields` (`id`) ON DELETE CASCADE,
	ADD CONSTRAINT `craft_matrixblocks_id_fk` FOREIGN KEY (`id`) REFERENCES `craft_elements` (`id`) ON DELETE CASCADE,
	ADD CONSTRAINT `craft_matrixblocks_ownerId_fk` FOREIGN KEY (`ownerId`) REFERENCES `craft_elements` (`id`) ON DELETE CASCADE,
	ADD CONSTRAINT `craft_matrixblocks_ownerLocale_fk` FOREIGN KEY (`ownerLocale`) REFERENCES `craft_locales` (`locale`) ON DELETE CASCADE ON UPDATE CASCADE,
	ADD CONSTRAINT `craft_matrixblocks_typeId_fk` FOREIGN KEY (`typeId`) REFERENCES `craft_matrixblocktypes` (`id`) ON DELETE CASCADE;

--
-- Constraints for table `craft_matrixblocktypes`
--
ALTER TABLE `craft_matrixblocktypes`
	ADD CONSTRAINT `craft_matrixblocktypes_fieldId_fk` FOREIGN KEY (`fieldId`) REFERENCES `craft_fields` (`id`) ON DELETE CASCADE,
	ADD CONSTRAINT `craft_matrixblocktypes_fieldLayoutId_fk` FOREIGN KEY (`fieldLayoutId`) REFERENCES `craft_fieldlayouts` (`id`) ON DELETE SET NULL;

--
-- Constraints for table `craft_migrations`
--
ALTER TABLE `craft_migrations`
	ADD CONSTRAINT `craft_migrations_pluginId_fk` FOREIGN KEY (`pluginId`) REFERENCES `craft_plugins` (`id`) ON DELETE CASCADE;

--
-- Constraints for table `craft_relations`
--
ALTER TABLE `craft_relations`
	ADD CONSTRAINT `craft_relations_fieldId_fk` FOREIGN KEY (`fieldId`) REFERENCES `craft_fields` (`id`) ON DELETE CASCADE,
	ADD CONSTRAINT `craft_relations_sourceId_fk` FOREIGN KEY (`sourceId`) REFERENCES `craft_elements` (`id`) ON DELETE CASCADE,
	ADD CONSTRAINT `craft_relations_sourceLocale_fk` FOREIGN KEY (`sourceLocale`) REFERENCES `craft_locales` (`locale`) ON DELETE CASCADE ON UPDATE CASCADE,
	ADD CONSTRAINT `craft_relations_targetId_fk` FOREIGN KEY (`targetId`) REFERENCES `craft_elements` (`id`) ON DELETE CASCADE;

--
-- Constraints for table `craft_routes`
--
ALTER TABLE `craft_routes`
	ADD CONSTRAINT `craft_routes_locale_fk` FOREIGN KEY (`locale`) REFERENCES `craft_locales` (`locale`) ON DELETE CASCADE ON UPDATE CASCADE;

--
-- Constraints for table `craft_sections`
--
ALTER TABLE `craft_sections`
	ADD CONSTRAINT `craft_sections_structureId_fk` FOREIGN KEY (`structureId`) REFERENCES `craft_structures` (`id`) ON DELETE SET NULL;

--
-- Constraints for table `craft_sections_i18n`
--
ALTER TABLE `craft_sections_i18n`
	ADD CONSTRAINT `craft_sections_i18n_locale_fk` FOREIGN KEY (`locale`) REFERENCES `craft_locales` (`locale`) ON DELETE CASCADE ON UPDATE CASCADE,
	ADD CONSTRAINT `craft_sections_i18n_sectionId_fk` FOREIGN KEY (`sectionId`) REFERENCES `craft_sections` (`id`) ON DELETE CASCADE;

--
-- Constraints for table `craft_sessions`
--
ALTER TABLE `craft_sessions`
	ADD CONSTRAINT `craft_sessions_userId_fk` FOREIGN KEY (`userId`) REFERENCES `craft_users` (`id`) ON DELETE CASCADE;

--
-- Constraints for table `craft_shunnedmessages`
--
ALTER TABLE `craft_shunnedmessages`
	ADD CONSTRAINT `craft_shunnedmessages_userId_fk` FOREIGN KEY (`userId`) REFERENCES `craft_users` (`id`) ON DELETE CASCADE;

--
-- Constraints for table `craft_structureelements`
--
ALTER TABLE `craft_structureelements`
	ADD CONSTRAINT `craft_structureelements_elementId_fk` FOREIGN KEY (`elementId`) REFERENCES `craft_elements` (`id`) ON DELETE CASCADE,
	ADD CONSTRAINT `craft_structureelements_structureId_fk` FOREIGN KEY (`structureId`) REFERENCES `craft_structures` (`id`) ON DELETE CASCADE;

--
-- Constraints for table `craft_taggroups`
--
ALTER TABLE `craft_taggroups`
	ADD CONSTRAINT `craft_taggroups_fieldLayoutId_fk` FOREIGN KEY (`fieldLayoutId`) REFERENCES `craft_fieldlayouts` (`id`) ON DELETE SET NULL;

--
-- Constraints for table `craft_tags`
--
ALTER TABLE `craft_tags`
	ADD CONSTRAINT `craft_tags_groupId_fk` FOREIGN KEY (`groupId`) REFERENCES `craft_taggroups` (`id`) ON DELETE CASCADE,
	ADD CONSTRAINT `craft_tags_id_fk` FOREIGN KEY (`id`) REFERENCES `craft_elements` (`id`) ON DELETE CASCADE;

--
-- Constraints for table `craft_templatecachecriteria`
--
ALTER TABLE `craft_templatecachecriteria`
	ADD CONSTRAINT `craft_templatecachecriteria_cacheId_fk` FOREIGN KEY (`cacheId`) REFERENCES `craft_templatecaches` (`id`) ON DELETE CASCADE;

--
-- Constraints for table `craft_templatecacheelements`
--
ALTER TABLE `craft_templatecacheelements`
	ADD CONSTRAINT `craft_templatecacheelements_cacheId_fk` FOREIGN KEY (`cacheId`) REFERENCES `craft_templatecaches` (`id`) ON DELETE CASCADE,
	ADD CONSTRAINT `craft_templatecacheelements_elementId_fk` FOREIGN KEY (`elementId`) REFERENCES `craft_elements` (`id`) ON DELETE CASCADE;

--
-- Constraints for table `craft_templatecaches`
--
ALTER TABLE `craft_templatecaches`
	ADD CONSTRAINT `craft_templatecaches_locale_fk` FOREIGN KEY (`locale`) REFERENCES `craft_locales` (`locale`) ON DELETE CASCADE ON UPDATE CASCADE;

--
-- Constraints for table `craft_usergroups_users`
--
ALTER TABLE `craft_usergroups_users`
	ADD CONSTRAINT `craft_usergroups_users_groupId_fk` FOREIGN KEY (`groupId`) REFERENCES `craft_usergroups` (`id`) ON DELETE CASCADE,
	ADD CONSTRAINT `craft_usergroups_users_userId_fk` FOREIGN KEY (`userId`) REFERENCES `craft_users` (`id`) ON DELETE CASCADE;

--
-- Constraints for table `craft_userpermissions_usergroups`
--
ALTER TABLE `craft_userpermissions_usergroups`
	ADD CONSTRAINT `craft_userpermissions_usergroups_groupId_fk` FOREIGN KEY (`groupId`) REFERENCES `craft_usergroups` (`id`) ON DELETE CASCADE,
	ADD CONSTRAINT `craft_userpermissions_usergroups_permissionId_fk` FOREIGN KEY (`permissionId`) REFERENCES `craft_userpermissions` (`id`) ON DELETE CASCADE;

--
-- Constraints for table `craft_userpermissions_users`
--
ALTER TABLE `craft_userpermissions_users`
	ADD CONSTRAINT `craft_userpermissions_users_permissionId_fk` FOREIGN KEY (`permissionId`) REFERENCES `craft_userpermissions` (`id`) ON DELETE CASCADE,
	ADD CONSTRAINT `craft_userpermissions_users_userId_fk` FOREIGN KEY (`userId`) REFERENCES `craft_users` (`id`) ON DELETE CASCADE;

--
-- Constraints for table `craft_users`
--
ALTER TABLE `craft_users`
	ADD CONSTRAINT `craft_users_id_fk` FOREIGN KEY (`id`) REFERENCES `craft_elements` (`id`) ON DELETE CASCADE,
	ADD CONSTRAINT `craft_users_preferredLocale_fk` FOREIGN KEY (`preferredLocale`) REFERENCES `craft_locales` (`locale`) ON DELETE SET NULL ON UPDATE CASCADE;

--
-- Constraints for table `craft_widgets`
--
ALTER TABLE `craft_widgets`
	ADD CONSTRAINT `craft_widgets_userId_fk` FOREIGN KEY (`userId`) REFERENCES `craft_users` (`id`) ON DELETE CASCADE;

SET FOREIGN_KEY_CHECKS = 1;
